Date,Adj Close,Close,High,Low,Open,Volume
2023-01-03,123.21121215820312,125.06999969482422,130.89999389648438,124.16999816894531,130.27999877929688,112117500
2023-01-04,124.4820327758789,126.36000061035156,128.66000366210938,125.08000183105469,126.88999938964844,89113600
2023-01-05,123.16195678710938,125.0199966430664,127.7699966430664,124.76000213623047,127.12999725341797,80962700
2023-01-06,127.6935806274414,129.6199951171875,130.2899932861328,124.88999938964844,126.01000213623047,87754700
2023-01-09,128.2156982421875,130.14999389648438,133.41000366210938,129.88999938964844,130.47000122070312,70790800
2023-01-10,128.78707885742188,130.72999572753906,131.25999450683594,128.1199951171875,130.25999450683594,63896200
2023-01-11,131.50608825683594,133.49000549316406,133.50999450683594,130.4600067138672,131.25,69458900
2023-01-12,131.42724609375,133.41000366210938,134.25999450683594,131.44000244140625,133.8800048828125,71379600
2023-01-13,132.75717163085938,134.75999450683594,134.9199981689453,131.66000366210938,132.02999877929688,57809700
2023-01-17,133.91964721679688,135.94000244140625,137.2899932861328,134.1300048828125,134.8300018310547,63646600
2023-01-18,133.20054626464844,135.2100067138672,138.61000061035156,135.02999877929688,136.82000732421875,69672800
2023-01-19,133.25961303710938,135.27000427246094,136.25,133.77000427246094,134.0800018310547,58280400
2023-01-20,135.82095336914062,137.8699951171875,138.02000427246094,134.22000122070312,135.27999877929688,80223600
2023-01-23,139.01283264160156,141.11000061035156,143.32000732421875,137.89999389648438,138.1199951171875,81760300
2023-01-24,140.41172790527344,142.52999877929688,143.16000366210938,140.3000030517578,140.30999755859375,66435100
2023-01-25,139.7516632080078,141.86000061035156,142.42999267578125,138.80999755859375,140.88999938964844,65799300
2023-01-26,141.8204803466797,143.9600067138672,144.25,141.89999389648438,143.1699981689453,54105100
2023-01-27,143.7611846923828,145.92999267578125,147.22999572753906,143.0800018310547,143.16000366210938,70555800
2023-01-30,140.87474060058594,143.0,145.5500030517578,142.85000610351562,144.9600067138672,64015300
2023-01-31,142.14553833007812,144.2899932861328,144.33999633789062,142.27999877929688,142.6999969482422,65874500
2023-02-01,143.2686004638672,145.42999267578125,146.61000061035156,141.32000732421875,143.97000122070312,77663600
2023-02-02,148.57852172851562,150.82000732421875,151.17999267578125,148.1699981689453,148.89999389648438,118339000
2023-02-03,152.2038116455078,154.5,157.3800048828125,147.8300018310547,148.02999877929688,154357300
2023-02-06,149.47499084472656,151.72999572753906,153.10000610351562,150.77999877929688,152.57000732421875,69858300
2023-02-07,152.3515625,154.64999389648438,155.22999572753906,150.63999938964844,150.63999938964844,83322600
2023-02-08,149.66213989257812,151.9199981689453,154.5800018310547,151.1699981689453,153.8800048828125,64120100
2023-02-09,148.62774658203125,150.8699951171875,154.3300018310547,150.4199981689453,153.77999877929688,56007100
2023-02-10,148.99281311035156,151.00999450683594,151.33999633789062,149.22000122070312,149.4600067138672,57450700
2023-02-13,151.79490661621094,153.85000610351562,154.25999450683594,150.9199981689453,150.9499969482422,62199000
2023-02-14,151.15357971191406,153.1999969482422,153.77000427246094,150.86000061035156,152.1199951171875,61707600
2023-02-15,153.25511169433594,155.3300018310547,155.5,152.8800048828125,153.11000061035156,65573800
2023-02-16,151.65675354003906,153.7100067138672,156.3300018310547,153.35000610351562,153.50999450683594,68167900
2023-02-17,150.5122528076172,152.5500030517578,153.0,150.85000610351562,152.35000610351562,59144100
2023-02-21,146.49664306640625,148.47999572753906,151.3000030517578,148.41000366210938,150.1999969482422,58867200
2023-02-22,146.9208984375,148.91000366210938,149.9499969482422,147.16000366210938,148.8699951171875,51011300
2023-02-23,147.40435791015625,149.39999389648438,150.33999633789062,147.24000549316406,150.08999633789062,48394200
2023-02-24,144.75027465820312,146.7100067138672,147.19000244140625,145.72000122070312,147.11000061035156,55469600
2023-02-27,145.944091796875,147.9199981689453,149.1699981689453,147.4499969482422,147.7100067138672,44998500
2023-02-28,145.44091796875,147.41000366210938,149.0800018310547,146.8300018310547,147.0500030517578,50547000
2023-03-01,143.36895751953125,145.30999755859375,147.22999572753906,145.00999450683594,146.8300018310547,55479000
2023-03-02,143.9609832763672,145.91000366210938,146.7100067138672,143.89999389648438,144.3800048828125,52238100
2023-03-03,149.01258850097656,151.02999877929688,151.11000061035156,147.3300018310547,148.0399932861328,70732300
2023-03-06,151.77513122558594,153.8300018310547,156.3000030517578,153.4600067138672,153.7899932861328,87558000
2023-03-07,149.57493591308594,151.60000610351562,154.02999877929688,151.1300048828125,153.6999969482422,56182000
2023-03-08,150.82797241210938,152.8699951171875,153.47000122070312,151.8300018310547,152.80999755859375,47204800
2023-03-09,148.5784149169922,150.58999633789062,154.5399932861328,150.22999572753906,153.55999755859375,53833600
2023-03-10,146.516357421875,148.5,150.94000244140625,147.61000061035156,150.2100067138672,68572400
2023-03-13,148.4600372314453,150.47000122070312,153.13999938964844,147.6999969482422,147.80999755859375,84457100
2023-03-14,150.55169677734375,152.58999633789062,153.39999389648438,150.10000610351562,151.27999877929688,73695900
2023-03-15,150.94638061523438,152.99000549316406,153.25,149.9199981689453,151.19000244140625,77167900
2023-03-16,153.7681884765625,155.85000610351562,156.4600067138672,151.63999938964844,152.16000366210938,76161100
2023-03-17,152.92953491210938,155.0,156.74000549316406,154.27999877929688,156.0800018310547,98944600
2023-03-20,155.29747009277344,157.39999389648438,157.82000732421875,154.14999389648438,155.07000732421875,73641400
2023-03-21,157.15235900878906,159.27999877929688,159.39999389648438,156.5399932861328,157.32000732421875,73938300
2023-03-22,155.7217254638672,157.8300018310547,162.13999938964844,157.80999755859375,159.3000030517578,75701800
2023-03-23,156.80702209472656,158.92999267578125,161.5500030517578,157.67999267578125,158.8300018310547,67622100
2023-03-24,158.10939025878906,160.25,160.33999633789062,157.85000610351562,158.86000061035156,59196500
2023-03-27,156.1657257080078,158.27999877929688,160.77000427246094,157.8699951171875,159.94000244140625,52390300
2023-03-28,155.54412841796875,157.64999389648438,158.49000549316406,155.97999572753906,157.97000122070312,45992200
2023-03-29,158.6224365234375,160.77000427246094,161.0500030517578,159.35000610351562,159.3699951171875,51305700
2023-03-30,160.19122314453125,162.36000061035156,162.47000122070312,161.27000427246094,161.52999877929688,49501700
2023-03-31,162.69729614257812,164.89999389648438,165.0,161.91000366210938,162.44000244140625,68749800
2023-04-03,163.95034790039062,166.1699981689453,166.2899932861328,164.22000122070312,164.27000427246094,56976200
2023-04-04,163.4175567626953,165.6300048828125,166.83999633789062,165.11000061035156,166.60000610351562,46278300
2023-04-05,161.57249450683594,163.75999450683594,165.0500030517578,161.8000030517578,164.74000549316406,51511700
2023-04-06,162.46051025390625,164.66000366210938,164.9600067138672,162.0,162.42999267578125,45390100
2023-04-10,159.8656005859375,162.02999877929688,162.02999877929688,160.0800018310547,161.4199981689453,47716900
2023-04-11,158.65206909179688,160.8000030517578,162.36000061035156,160.50999450683594,162.35000610351562,47644200
2023-04-12,157.9613800048828,160.10000610351562,162.05999755859375,159.77999877929688,161.22000122070312,50133100
2023-04-13,163.34844970703125,165.55999755859375,165.8000030517578,161.4199981689453,161.6300048828125,68445600
2023-04-14,163.00318908691406,165.2100067138672,166.32000732421875,163.82000732421875,164.58999633789062,49386500
2023-04-17,163.02288818359375,165.22999572753906,165.38999938964844,164.02999877929688,165.08999633789062,41516200
2023-04-18,164.2462921142578,166.47000122070312,167.41000366210938,165.64999389648438,166.10000610351562,49923000
2023-04-19,165.3908233642578,167.6300048828125,168.16000366210938,165.5399932861328,165.8000030517578,47720200
2023-04-20,164.4239044189453,166.64999389648438,167.8699951171875,165.55999755859375,166.08999633789062,52456400
2023-04-21,162.81568908691406,165.02000427246094,166.4499969482422,164.49000549316406,165.0500030517578,58337300
2023-04-24,163.12155151367188,165.3300018310547,165.60000610351562,163.88999938964844,165.0,41949600
2023-04-25,161.58238220214844,163.77000427246094,166.30999755859375,163.72999572753906,165.19000244140625,48714100
2023-04-26,161.57249450683594,163.75999450683594,165.27999877929688,162.8000030517578,163.05999755859375,45498800
2023-04-27,166.160400390625,168.41000366210938,168.55999755859375,165.19000244140625,165.19000244140625,64902300
2023-04-28,167.4134063720703,169.67999267578125,169.85000610351562,167.8800048828125,168.49000549316406,55275900
2023-05-01,167.3246612548828,169.58999633789062,170.4499969482422,168.63999938964844,169.27999877929688,52472900
2023-05-02,166.2886505126953,168.5399932861328,170.35000610351562,167.5399932861328,170.08999633789062,48425700
2023-05-03,165.21322631835938,167.4499969482422,170.9199981689453,167.16000366210938,169.5,65136000
2023-05-04,163.57537841796875,165.7899932861328,167.0399932861328,164.30999755859375,164.88999938964844,81235400
2023-05-05,171.25149536132812,173.57000732421875,174.3000030517578,170.75999450683594,170.97999572753906,113453200
2023-05-08,171.18240356445312,173.5,173.85000610351562,172.11000061035156,172.47999572753906,55962800
2023-05-09,169.47552490234375,171.77000427246094,173.5399932861328,171.60000610351562,173.0500030517578,45326900
2023-05-10,171.2415771484375,173.55999755859375,174.02999877929688,171.89999389648438,173.02000427246094,53724500
2023-05-11,171.42906188964844,173.75,174.58999633789062,172.1699981689453,173.85000610351562,49514700
2023-05-12,170.50033569335938,172.57000732421875,174.05999755859375,171.0,173.6199951171875,45533100
2023-05-15,170.00633239746094,172.07000732421875,173.2100067138672,171.47000122070312,173.16000366210938,37266700
2023-05-16,170.00633239746094,172.07000732421875,173.13999938964844,171.8000030517578,171.99000549316406,42110300
2023-05-17,170.61891174316406,172.69000244140625,172.92999267578125,170.4199981689453,171.7100067138672,57951600
2023-05-18,172.95059204101562,175.0500030517578,175.24000549316406,172.5800018310547,173.0,65496700
2023-05-19,173.0592803955078,175.16000366210938,176.38999938964844,174.94000244140625,176.38999938964844,55809500
2023-05-22,172.1107635498047,174.1999969482422,174.7100067138672,173.4499969482422,173.97999572753906,43570900
2023-05-23,169.50242614746094,171.55999755859375,173.3800048828125,171.27999877929688,173.1300048828125,50747300
2023-05-24,169.77911376953125,171.83999633789062,172.4199981689453,170.52000427246094,171.08999633789062,45143500
2023-05-25,170.91529846191406,172.99000549316406,173.89999389648438,171.69000244140625,172.41000366210938,56058300
2023-05-26,173.32603454589844,175.42999267578125,175.77000427246094,173.11000061035156,173.32000732421875,54835000
2023-05-30,175.17361450195312,177.3000030517578,178.99000549316406,176.57000732421875,176.9600067138672,55964400
2023-05-31,175.12420654296875,177.25,179.35000610351562,176.75999450683594,177.3300018310547,99625300
2023-06-01,177.9301300048828,180.08999633789062,180.1199951171875,176.92999267578125,177.6999969482422,68901800
2023-06-02,178.77981567382812,180.9499969482422,181.77999877929688,179.25999450683594,181.02999877929688,61996900
2023-06-05,177.42623901367188,179.5800018310547,184.9499969482422,178.0399932861328,182.6300048828125,121946500
2023-06-06,177.06069946289062,179.2100067138672,180.1199951171875,177.42999267578125,179.97000122070312,64848400
2023-06-07,175.68736267089844,177.82000732421875,181.2100067138672,177.32000732421875,178.44000244140625,61944600
2023-06-08,178.40440368652344,180.57000732421875,180.83999633789062,177.4600067138672,177.89999389648438,50214900
2023-06-09,178.7897186279297,180.9600067138672,182.22999572753906,180.6300048828125,181.5,48900000
2023-06-12,181.58575439453125,183.7899932861328,183.88999938964844,180.97000122070312,181.27000427246094,54274900
2023-06-13,181.11154174804688,183.30999755859375,184.14999389648438,182.44000244140625,182.8000030517578,54929100
2023-06-14,181.74386596679688,183.9499969482422,184.38999938964844,182.02000427246094,183.3699951171875,57462900
2023-06-15,183.7791748046875,186.00999450683594,186.52000427246094,183.77999877929688,183.9600067138672,65433200
2023-06-16,182.7022247314453,184.9199981689453,186.99000549316406,184.27000427246094,186.72999572753906,101256200
2023-06-20,182.79112243652344,185.00999450683594,186.10000610351562,184.41000366210938,184.41000366210938,49799100
2023-06-21,181.75375366210938,183.9600067138672,185.41000366210938,182.58999633789062,184.89999389648438,49515700
2023-06-22,184.75726318359375,187.0,187.0500030517578,183.6699981689453,183.74000549316406,51245300
2023-06-23,184.4410858154297,186.67999267578125,187.55999755859375,185.00999450683594,185.5500030517578,53117000
2023-06-26,183.04803466796875,185.27000427246094,188.0500030517578,185.22999572753906,186.8300018310547,48088700
2023-06-27,185.8045654296875,188.05999755859375,188.38999938964844,185.6699981689453,185.88999938964844,50730800
2023-06-28,186.98028564453125,189.25,189.89999389648438,187.60000610351562,187.92999267578125,51216800
2023-06-29,187.31619262695312,189.58999633789062,190.07000732421875,188.94000244140625,189.0800018310547,46347300
2023-06-30,191.64369201660156,193.97000122070312,194.47999572753906,191.25999450683594,191.6300048828125,85213200
2023-07-03,190.1518096923828,192.4600067138672,193.8800048828125,191.75999450683594,193.77999877929688,31458200
2023-07-05,189.03536987304688,191.3300018310547,192.97999572753906,190.6199951171875,191.57000732421875,46920300
2023-07-06,189.5095977783203,191.80999755859375,192.02000427246094,189.1999969482422,189.83999633789062,45094300
2023-07-07,188.3931427001953,190.67999267578125,192.6699981689453,190.24000549316406,191.41000366210938,46815000
2023-07-10,186.3479766845703,188.61000061035156,189.99000549316406,187.0399932861328,189.25999450683594,59922200
2023-07-11,185.82435607910156,188.0800018310547,189.3000030517578,186.60000610351562,189.16000366210938,46638100
2023-07-12,187.49403381347656,189.77000427246094,191.6999969482422,188.47000122070312,189.67999267578125,60750200
2023-07-13,188.2548065185547,190.5399932861328,191.19000244140625,189.77999877929688,190.5,41342300
2023-07-14,188.4029998779297,190.69000244140625,191.17999267578125,189.6300048828125,190.22999572753906,41616200
2023-07-17,191.66346740722656,193.99000549316406,194.32000732421875,191.80999755859375,191.89999389648438,50520200
2023-07-18,191.4065399169922,193.72999572753906,194.3300018310547,192.4199981689453,193.35000610351562,48288200
2023-07-19,192.76011657714844,195.10000610351562,198.22999572753906,192.64999389648438,193.10000610351562,80507300
2023-07-20,190.813720703125,193.1300048828125,196.47000122070312,192.5,195.08999633789062,59581200
2023-07-21,189.6380615234375,191.94000244140625,194.97000122070312,191.22999572753906,194.10000610351562,71951700
2023-07-24,190.4383544921875,192.75,194.91000366210938,192.25,193.41000366210938,45377800
2023-07-25,191.2978515625,193.6199951171875,194.44000244140625,192.9199981689453,193.3300018310547,37283200
2023-07-26,192.1673126220703,194.5,195.63999938964844,193.32000732421875,193.6699981689453,47471900
2023-07-27,190.90269470214844,193.22000122070312,197.1999969482422,192.5500030517578,196.02000427246094,47460200
2023-07-28,193.4813690185547,195.8300018310547,196.6300048828125,194.13999938964844,194.6699981689453,48291400
2023-07-31,194.0939483642578,196.4499969482422,196.49000549316406,195.25999450683594,196.05999755859375,38824100
2023-08-01,193.26402282714844,195.61000061035156,196.72999572753906,195.27999877929688,196.24000549316406,35175100
2023-08-02,190.2703399658203,192.5800018310547,195.17999267578125,191.85000610351562,195.0399932861328,50389300
2023-08-03,188.8772735595703,191.1699981689453,192.3699951171875,190.69000244140625,191.57000732421875,61235200
2023-08-04,179.807373046875,181.99000549316406,187.3800048828125,181.9199981689453,185.52000427246094,115956800
2023-08-07,176.7050323486328,178.85000610351562,183.1300048828125,177.35000610351562,182.1300048828125,97576100
2023-08-08,177.6436004638672,179.8000030517578,180.27000427246094,177.5800018310547,179.69000244140625,67823000
2023-08-09,176.05294799804688,178.19000244140625,180.92999267578125,177.00999450683594,180.8699951171875,60378500
2023-08-10,175.83560180664062,177.97000122070312,180.75,177.60000610351562,179.47999572753906,54686900
2023-08-11,175.8949432373047,177.7899932861328,178.6199951171875,176.5500030517578,177.32000732421875,52036700
2023-08-14,177.54714965820312,179.4600067138672,179.69000244140625,177.30999755859375,177.97000122070312,43675600
2023-08-15,175.55856323242188,177.4499969482422,179.47999572753906,177.0500030517578,178.8800048828125,43622600
2023-08-16,174.68797302246094,176.57000732421875,178.5399932861328,176.5,177.1300048828125,46964900
2023-08-17,172.14532470703125,174.0,177.50999450683594,173.47999572753906,177.13999938964844,66062900
2023-08-18,172.63011169433594,174.49000549316406,175.10000610351562,171.9600067138672,172.3000030517578,61172200
2023-08-21,173.96571350097656,175.83999633789062,176.1300048828125,173.74000549316406,175.07000732421875,46311900
2023-08-22,175.3408966064453,177.22999572753906,177.67999267578125,176.25,177.05999755859375,42038900
2023-08-23,179.18946838378906,181.1199951171875,181.5500030517578,178.3300018310547,178.52000427246094,52722800
2023-08-24,174.4999542236328,176.3800048828125,181.10000610351562,176.00999450683594,180.6699981689453,54945800
2023-08-25,176.70619201660156,178.61000061035156,179.14999389648438,175.82000732421875,177.3800048828125,51449600
2023-08-28,178.2693634033203,180.19000244140625,180.58999633789062,178.5500030517578,180.08999633789062,43820700
2023-08-29,182.157470703125,184.1199951171875,184.89999389648438,179.5,179.6999969482422,53003900
2023-08-30,185.6498565673828,187.64999389648438,187.85000610351562,184.74000549316406,184.94000244140625,60813900
2023-08-31,185.8675079345703,187.8699951171875,189.1199951171875,187.47999572753906,187.83999633789062,60794500
2023-09-01,187.4405517578125,189.4600067138672,189.9199981689453,188.27999877929688,189.49000549316406,45766500
2023-09-05,187.67799377441406,189.6999969482422,189.97999572753906,187.61000061035156,188.27999877929688,45280000
2023-09-06,180.96035766601562,182.91000366210938,188.85000610351562,181.47000122070312,188.39999389648438,81755800
2023-09-07,175.66738891601562,177.55999755859375,178.2100067138672,173.5399932861328,175.17999267578125,112488800
2023-09-08,176.28077697753906,178.17999267578125,180.24000549316406,177.7899932861328,178.35000610351562,65551300
2023-09-11,177.4481964111328,179.36000061035156,180.3000030517578,177.33999633789062,180.07000732421875,58953100
2023-09-12,174.42083740234375,176.3000030517578,180.1300048828125,174.82000732421875,179.49000549316406,90370200
2023-09-13,172.3530731201172,174.2100067138672,177.3000030517578,173.97999572753906,176.50999450683594,84267900
2023-09-14,173.86679077148438,175.74000549316406,176.10000610351562,173.5800018310547,174.0,60895800
2023-09-15,173.14456176757812,175.00999450683594,176.5,173.82000732421875,176.47999572753906,109259500
2023-09-18,176.0730438232422,177.97000122070312,179.3800048828125,176.1699981689453,176.47999572753906,67257600
2023-09-19,177.16131591796875,179.07000732421875,179.6300048828125,177.1300048828125,177.52000427246094,51826900
2023-09-20,173.6194610595703,175.49000549316406,179.6999969482422,175.39999389648438,179.25999450683594,58436200
2023-09-21,172.0760498046875,173.92999267578125,176.3000030517578,173.86000061035156,174.5500030517578,63149100
2023-09-22,172.9269256591797,174.7899932861328,177.0800018310547,174.0500030517578,174.6699981689453,56725400
2023-09-25,174.2031707763672,176.0800018310547,176.97000122070312,174.14999389648438,174.1999969482422,46172700
2023-09-26,170.1270751953125,171.9600067138672,175.1999969482422,171.66000366210938,174.82000732421875,64588900
2023-09-27,168.61338806152344,170.42999267578125,173.0399932861328,169.0500030517578,172.6199951171875,66921800
2023-09-28,168.87062072753906,170.69000244140625,172.02999877929688,167.6199951171875,169.33999633789062,56294400
2023-09-29,169.38507080078125,171.2100067138672,173.07000732421875,170.33999633789062,172.02000427246094,51861100
2023-10-02,171.8979949951172,173.75,174.3000030517578,170.92999267578125,171.22000122070312,52164500
2023-10-03,170.56239318847656,172.39999389648438,173.6300048828125,170.82000732421875,172.25999450683594,49594600
2023-10-04,171.8089599609375,173.66000366210938,174.2100067138672,170.97000122070312,171.08999633789062,53020300
2023-10-05,173.04563903808594,174.91000366210938,175.4499969482422,172.67999267578125,173.7899932861328,48527900
2023-10-06,175.59814453125,177.49000549316406,177.99000549316406,173.17999267578125,173.8000030517578,57266700
2023-10-09,177.0821533203125,178.99000549316406,179.0500030517578,175.8000030517578,176.80999755859375,42390800
2023-10-10,176.48855590820312,178.38999938964844,179.72000122070312,177.9499969482422,178.10000610351562,43698000
2023-10-11,177.88348388671875,179.8000030517578,179.85000610351562,177.60000610351562,178.1999969482422,47551100
2023-10-12,178.7838134765625,180.7100067138672,182.33999633789062,179.0399932861328,180.07000732421875,56743100
2023-10-13,176.9436492919922,178.85000610351562,181.92999267578125,178.13999938964844,181.4199981689453,51427100
2023-10-16,176.81504821777344,178.72000122070312,179.0800018310547,176.50999450683594,176.75,52517000
2023-10-17,175.2617645263672,177.14999389648438,178.4199981689453,174.8000030517578,176.64999389648438,57549400
2023-10-18,173.96571350097656,175.83999633789062,177.5800018310547,175.11000061035156,175.5800018310547,54764400
2023-10-19,173.58978271484375,175.4600067138672,177.83999633789062,175.19000244140625,176.0399932861328,59302900
2023-10-20,171.0372772216797,172.8800048828125,175.4199981689453,172.63999938964844,175.30999755859375,64244000
2023-10-23,171.15599060058594,173.0,174.00999450683594,169.92999267578125,170.91000366210938,55980100
2023-10-24,171.59130859375,173.44000244140625,173.6699981689453,171.4499969482422,173.0500030517578,43816600
2023-10-25,169.2762451171875,171.10000610351562,173.05999755859375,170.64999389648438,171.8800048828125,57157000
2023-10-26,165.11111450195312,166.88999938964844,171.3800048828125,165.6699981689453,170.3699951171875,70625300
2023-10-27,166.4269256591797,168.22000122070312,168.9600067138672,166.8300018310547,166.91000366210938,58499100
2023-10-30,168.47486877441406,170.2899932861328,171.1699981689453,168.8699951171875,169.02000427246094,51131000
2023-10-31,168.94976806640625,170.77000427246094,170.89999389648438,167.89999389648438,169.35000610351562,44846000
2023-11-01,172.1156463623047,173.97000122070312,174.22999572753906,170.1199951171875,171.0,56934900
2023-11-02,175.67730712890625,177.57000732421875,177.77999877929688,175.4600067138672,175.52000427246094,77334800
2023-11-03,174.76708984375,176.64999389648438,176.82000732421875,173.35000610351562,174.24000549316406,79829200
2023-11-06,177.319580078125,179.22999572753906,179.42999267578125,176.2100067138672,176.3800048828125,63841300
2023-11-07,179.88198852539062,181.82000732421875,182.44000244140625,178.97000122070312,179.17999267578125,70530000
2023-11-08,180.94058227539062,182.88999938964844,183.4499969482422,181.58999633789062,182.35000610351562,49340300
2023-11-09,180.46568298339844,182.41000366210938,184.1199951171875,181.80999755859375,182.9600067138672,53763500
2023-11-10,184.65611267089844,186.39999389648438,186.57000732421875,183.52999877929688,183.97000122070312,66133400
2023-11-13,183.0710906982422,184.8000030517578,186.02999877929688,184.2100067138672,185.82000732421875,43627500
2023-11-14,185.6864013671875,187.44000244140625,188.11000061035156,186.3000030517578,187.6999969482422,60108400
2023-11-15,186.25106811523438,188.00999450683594,189.5,187.77999877929688,187.85000610351562,53790500
2023-11-16,187.93516540527344,189.7100067138672,190.9600067138672,188.64999389648438,189.57000732421875,54412900
2023-11-17,187.91531372070312,189.69000244140625,190.3800048828125,188.57000732421875,190.25,50922700
2023-11-20,189.6588897705078,191.4499969482422,191.91000366210938,189.8800048828125,189.88999938964844,46505100
2023-11-21,188.8564453125,190.63999938964844,191.52000427246094,189.74000549316406,191.41000366210938,38134500
2023-11-22,189.52017211914062,191.30999755859375,192.92999267578125,190.8300018310547,191.49000549316406,39617700
2023-11-24,188.19271850585938,189.97000122070312,190.89999389648438,189.25,190.8699951171875,24048300
2023-11-27,188.01438903808594,189.7899932861328,190.6699981689453,188.89999389648438,189.9199981689453,40552600
2023-11-28,188.61871337890625,190.39999389648438,191.0800018310547,189.39999389648438,189.77999877929688,38415400
2023-11-29,187.5983428955078,189.3699951171875,192.08999633789062,188.97000122070312,190.89999389648438,43014200
2023-11-30,188.17291259765625,189.9499969482422,190.32000732421875,188.19000244140625,189.83999633789062,48794400
2023-12-01,189.45083618164062,191.24000549316406,191.55999755859375,189.22999572753906,190.3300018310547,45704800
2023-12-04,187.65777587890625,189.42999267578125,190.0500030517578,187.4499969482422,189.97999572753906,43389500
2023-12-05,191.61041259765625,193.4199981689453,194.39999389648438,190.17999267578125,190.2100067138672,66628400
2023-12-06,190.52073669433594,192.32000732421875,194.75999450683594,192.11000061035156,194.4499969482422,41089700
2023-12-07,192.45248413085938,194.27000427246094,195.0,193.58999633789062,193.6300048828125,47477700
2023-12-08,193.8790283203125,195.7100067138672,195.99000549316406,193.6699981689453,194.1999969482422,53406400
2023-12-11,191.37269592285156,193.17999267578125,193.49000549316406,191.4199981689453,193.11000061035156,60943700
2023-12-12,192.88836669921875,194.7100067138672,194.72000122070312,191.72000122070312,193.0800018310547,52696900
2023-12-13,196.1079559326172,197.9600067138672,198.0,194.85000610351562,195.08999633789062,70404200
2023-12-14,196.25656127929688,198.11000061035156,199.6199951171875,196.16000366210938,198.02000427246094,66831600
2023-12-15,195.72161865234375,197.57000732421875,198.39999389648438,197.0,197.52999877929688,128538400
2023-12-18,194.05734252929688,195.88999938964844,196.6300048828125,194.38999938964844,196.08999633789062,55751900
2023-12-19,195.0975341796875,196.94000244140625,196.9499969482422,195.88999938964844,196.16000366210938,40714100
2023-12-20,193.00726318359375,194.8300018310547,197.67999267578125,194.8300018310547,196.89999389648438,52242800
2023-12-21,192.858642578125,194.67999267578125,197.0800018310547,193.5,196.10000610351562,46482500
2023-12-22,191.7887420654297,193.60000610351562,195.41000366210938,192.97000122070312,195.17999267578125,37149600
2023-12-26,191.24391174316406,193.0500030517578,193.88999938964844,192.8300018310547,193.61000061035156,28919300
2023-12-27,191.3429718017578,193.14999389648438,193.5,191.08999633789062,192.49000549316406,48087700
2023-12-28,191.76893615722656,193.5800018310547,194.66000366210938,193.1699981689453,194.13999938964844,34049900
2023-12-29,190.72874450683594,192.52999877929688,194.39999389648438,191.72999572753906,193.89999389648438,42672100
2024-01-02,183.90322875976562,185.63999938964844,188.44000244140625,183.88999938964844,187.14999389648438,82488700
2024-01-03,182.5262451171875,184.25,185.8800048828125,183.42999267578125,184.22000122070312,58414500
2024-01-04,180.2081298828125,181.91000366210938,183.08999633789062,180.8800048828125,182.14999389648438,71983600
2024-01-05,179.48492431640625,181.17999267578125,182.75999450683594,180.1699981689453,181.99000549316406,62379700
2024-01-08,183.823974609375,185.55999755859375,185.60000610351562,181.5,182.08999633789062,59144500
2024-01-09,183.4079132080078,185.13999938964844,185.14999389648438,182.72999572753906,183.9199981689453,42841800
2024-01-10,184.44808959960938,186.19000244140625,186.39999389648438,183.9199981689453,184.35000610351562,46792900
2024-01-11,183.85369873046875,185.58999633789062,187.0500030517578,183.6199951171875,186.5399932861328,49128400
2024-01-12,184.18060302734375,185.9199981689453,186.74000549316406,185.19000244140625,186.05999755859375,40477800
2024-01-16,181.91201782226562,183.6300048828125,184.25999450683594,180.92999267578125,182.16000366210938,65603000
2024-01-17,180.97091674804688,182.67999267578125,182.92999267578125,180.3000030517578,181.27000427246094,47317400
2024-01-18,186.86524963378906,188.6300048828125,189.13999938964844,185.8300018310547,186.08999633789062,78005800
2024-01-19,189.76783752441406,191.55999755859375,191.9499969482422,188.82000732421875,189.3300018310547,68903000
2024-01-22,192.0760498046875,193.88999938964844,195.3300018310547,192.25999450683594,192.3000030517578,60133900
2024-01-23,193.3539581298828,195.17999267578125,195.75,193.8300018310547,195.02000427246094,42355600
2024-01-24,192.6803436279297,194.5,196.3800048828125,194.33999633789062,195.4199981689453,53631300
2024-01-25,192.35340881347656,194.1699981689453,196.27000427246094,193.11000061035156,195.22000122070312,54822100
2024-01-26,190.61978149414062,192.4199981689453,194.75999450683594,191.94000244140625,194.27000427246094,44594000
2024-01-29,189.93624877929688,191.72999572753906,192.1999969482422,189.5800018310547,192.00999450683594,47145600
2024-01-30,186.28076171875,188.0399932861328,191.8000030517578,187.47000122070312,190.94000244140625,55859400
2024-01-31,182.67481994628906,184.39999389648438,187.10000610351562,184.35000610351562,187.0399932861328,55467800
2024-02-01,185.11181640625,186.86000061035156,186.9499969482422,183.82000732421875,183.99000549316406,64885400
2024-02-02,184.11123657226562,185.85000610351562,187.3300018310547,179.25,179.86000061035156,102551700
2024-02-05,185.9241485595703,187.67999267578125,189.25,185.83999633789062,188.14999389648438,69668800
2024-02-06,187.5290069580078,189.3000030517578,189.30999755859375,186.77000427246094,186.86000061035156,43490800
2024-02-07,187.63795471191406,189.41000366210938,191.0500030517578,188.61000061035156,190.63999938964844,53439000
2024-02-08,186.5581817626953,188.32000732421875,189.5399932861328,187.35000610351562,189.38999938964844,40962000
2024-02-09,187.32192993164062,188.85000610351562,189.99000549316406,188.0,188.64999389648438,45155200
2024-02-12,185.63568115234375,187.14999389648438,188.6699981689453,186.7899932861328,188.4199981689453,41781900
2024-02-13,183.54273986816406,185.0399932861328,186.2100067138672,183.50999450683594,185.77000427246094,56529500
2024-02-14,182.65994262695312,184.14999389648438,185.52999877929688,182.44000244140625,185.32000732421875,54630500
2024-02-15,182.37229919433594,183.86000061035156,184.49000549316406,181.35000610351562,183.5500030517578,65434500
2024-02-16,180.8348388671875,182.30999755859375,184.85000610351562,181.6699981689453,183.4199981689453,49752500
2024-02-20,180.09091186523438,181.55999755859375,182.42999267578125,180.0,181.7899932861328,53665600
2024-02-21,180.8447723388672,182.32000732421875,182.88999938964844,180.66000366210938,181.94000244140625,41371400
2024-02-22,182.878173828125,184.3699951171875,184.9600067138672,182.4600067138672,183.47999572753906,52292200
2024-02-23,181.0431365966797,182.52000427246094,185.0399932861328,182.22999572753906,185.00999450683594,45119700
2024-02-26,179.69415283203125,181.16000366210938,182.75999450683594,180.64999389648438,182.24000549316406,40867400
2024-02-27,181.15225219726562,182.6300048828125,183.9199981689453,179.55999755859375,181.10000610351562,54318900
2024-02-28,179.95205688476562,181.4199981689453,183.1199951171875,180.1300048828125,182.50999450683594,48953900
2024-02-29,179.28746032714844,180.75,182.57000732421875,179.52999877929688,181.27000427246094,136682600
2024-03-01,178.206298828125,179.66000366210938,180.52999877929688,177.3800048828125,179.5500030517578,73563100
2024-03-04,173.68319702148438,175.10000610351562,176.89999389648438,173.7899932861328,176.14999389648438,81510100
2024-03-05,168.74346923828125,170.1199951171875,172.0399932861328,169.6199951171875,170.75999450683594,95132400
2024-03-06,167.7515411376953,169.1199951171875,171.24000549316406,168.67999267578125,171.05999755859375,68587700
2024-03-07,167.63253784179688,169.0,170.72999572753906,168.49000549316406,169.14999389648438,71765100
2024-03-08,169.34852600097656,170.72999572753906,173.6999969482422,168.94000244140625,169.0,76267000
2024-03-11,171.35220336914062,172.75,174.3800048828125,172.0500030517578,172.94000244140625,60139500
2024-03-12,171.82830810546875,173.22999572753906,174.02999877929688,171.00999450683594,173.14999389648438,59825400
2024-03-13,169.74530029296875,171.1300048828125,173.19000244140625,170.75999450683594,172.77000427246094,52488700
2024-03-14,171.60015869140625,173.0,174.30999755859375,172.0500030517578,172.91000366210938,72913500
2024-03-15,171.22325134277344,172.6199951171875,172.6199951171875,170.2899932861328,171.1699981689453,121752700
2024-03-18,172.31434631347656,173.72000122070312,177.7100067138672,173.52000427246094,175.57000732421875,75604200
2024-03-19,174.65524291992188,176.0800018310547,176.61000061035156,173.02999877929688,174.33999633789062,55215200
2024-03-20,177.22430419921875,178.6699981689453,178.6699981689453,175.08999633789062,175.72000122070312,53423100
2024-03-21,169.98333740234375,171.3699951171875,177.49000549316406,170.83999633789062,177.0500030517578,106181300
2024-03-22,170.88601684570312,172.27999877929688,173.0500030517578,170.05999755859375,171.75999450683594,71160100
2024-03-25,169.4675750732422,170.85000610351562,171.94000244140625,169.4499969482422,170.57000732421875,54288300
2024-03-26,168.33680725097656,169.7100067138672,171.4199981689453,169.5800018310547,170.0,57388400
2024-03-27,171.90768432617188,173.30999755859375,173.60000610351562,170.11000061035156,170.41000366210938,60273300
2024-03-28,170.0924530029297,171.47999572753906,172.22999572753906,170.50999450683594,171.75,65672700
2024-04-01,168.65420532226562,170.02999877929688,171.25,169.47999572753906,171.19000244140625,46240500
2024-04-02,167.47384643554688,168.83999633789062,169.33999633789062,168.22999572753906,169.0800018310547,49329500
2024-04-03,168.27725219726562,169.64999389648438,170.67999267578125,168.5800018310547,168.7899932861328,47691700
2024-04-04,167.45401000976562,168.82000732421875,171.9199981689453,168.82000732421875,170.2899932861328,53704400
2024-04-05,168.2078399658203,169.5800018310547,170.38999938964844,168.9499969482422,169.58999633789062,42104800
2024-04-08,167.08700561523438,168.4499969482422,169.1999969482422,168.24000549316406,169.02999877929688,37425500
2024-04-09,168.29713439941406,169.6699981689453,170.0800018310547,168.35000610351562,168.6999969482422,42373800
2024-04-10,166.4224090576172,167.77999877929688,169.08999633789062,167.11000061035156,168.8000030517578,49709300
2024-04-11,173.6236572265625,175.0399932861328,175.4600067138672,168.16000366210938,168.33999633789062,91070300
2024-04-12,175.12144470214844,176.5500030517578,178.36000061035156,174.2100067138672,174.25999450683594,101670900
2024-04-15,171.2926788330078,172.69000244140625,176.6300048828125,172.5,175.36000061035156,73531800
2024-04-16,168.00946044921875,169.3800048828125,173.75999450683594,168.27000427246094,171.75,73711200
2024-04-17,166.64060974121094,168.0,170.64999389648438,168.0,169.61000061035156,50901200
2024-04-18,165.68838500976562,167.0399932861328,168.63999938964844,166.5500030517578,168.02999877929688,43122900
2024-04-19,163.66490173339844,165.0,166.39999389648438,164.0800018310547,166.2100067138672,68149400
2024-04-22,164.49810791015625,165.83999633789062,167.25999450683594,164.77000427246094,165.52000427246094,48116400
2024-04-23,165.54953002929688,166.89999389648438,167.0500030517578,164.9199981689453,165.35000610351562,49537800
2024-04-24,167.6523895263672,169.02000427246094,169.3000030517578,166.2100067138672,166.5399932861328,48251800
2024-04-25,168.5153350830078,169.88999938964844,170.61000061035156,168.14999389648438,169.52999877929688,50558300
2024-04-26,167.9300994873047,169.3000030517578,171.33999633789062,169.17999267578125,169.8800048828125,44838400
2024-04-29,172.09613037109375,173.5,176.02999877929688,173.10000610351562,173.3699951171875,68169400
2024-04-30,168.95176696777344,170.3300018310547,174.99000549316406,170.0,173.3300018310547,65934800
2024-05-01,167.9300994873047,169.3000030517578,172.7100067138672,169.11000061035156,169.5800018310547,50383100
2024-05-02,171.6299285888672,173.02999877929688,173.4199981689453,170.88999938964844,172.50999450683594,94214900
2024-05-03,181.8961639404297,183.3800048828125,187.0,182.66000366210938,186.64999389648438,163224100
2024-05-06,180.23968505859375,181.7100067138672,184.1999969482422,180.4199981689453,182.35000610351562,78569700
2024-05-07,180.92410278320312,182.39999389648438,184.89999389648438,181.32000732421875,183.4499969482422,77305800
2024-05-08,181.2613525390625,182.74000549316406,183.07000732421875,181.4499969482422,182.85000610351562,45057100
2024-05-09,183.07656860351562,184.57000732421875,184.66000366210938,182.11000061035156,182.55999755859375,48983000
2024-05-10,181.81512451171875,183.0500030517578,185.08999633789062,182.1300048828125,184.89999389648438,50759500
2024-05-13,185.0233154296875,186.27999877929688,187.10000610351562,184.6199951171875,185.44000244140625,72044800
2024-05-14,186.16558837890625,187.42999267578125,188.3000030517578,186.2899932861328,187.50999450683594,52393600
2024-05-15,188.4401397705078,189.72000122070312,190.64999389648438,187.3699951171875,187.91000366210938,70400000
2024-05-16,188.559326171875,189.83999633789062,191.10000610351562,189.66000366210938,190.47000122070312,52845200
2024-05-17,188.58909606933594,189.8699951171875,190.80999755859375,189.17999267578125,189.50999450683594,41282900
2024-05-20,189.751220703125,191.0399932861328,191.9199981689453,189.00999450683594,189.3300018310547,44361300
2024-05-21,191.0523681640625,192.35000610351562,192.72999572753906,190.9199981689453,191.08999633789062,42309400
2024-05-22,189.61216735839844,190.89999389648438,192.82000732421875,190.27000427246094,192.27000427246094,34648500
2024-05-23,185.61929321289062,186.8800048828125,191.0,186.6300048828125,190.97999572753906,51005900
2024-05-24,188.6983642578125,189.97999572753906,190.5800018310547,188.0399932861328,188.82000732421875,36327000
2024-05-28,188.70831298828125,189.99000549316406,193.0,189.10000610351562,191.50999450683594,52280100
2024-05-29,189.0062713623047,190.2899932861328,192.25,189.50999450683594,189.61000061035156,53068000
2024-05-30,189.99952697753906,191.2899932861328,192.17999267578125,190.6300048828125,190.75999450683594,49889100
2024-05-31,190.9530487060547,192.25,192.57000732421875,189.91000366210938,191.44000244140625,75158300
2024-06-03,192.72105407714844,194.02999877929688,194.99000549316406,192.52000427246094,192.89999389648438,50080500
2024-06-04,193.0388946533203,194.35000610351562,195.32000732421875,193.02999877929688,194.63999938964844,47471400
2024-06-05,194.5486297607422,195.8699951171875,196.89999389648438,194.8699951171875,195.39999389648438,54156800
2024-06-06,193.1680145263672,194.47999572753906,196.5,194.1699981689453,195.69000244140625,41181800
2024-06-07,195.561767578125,196.88999938964844,196.94000244140625,194.13999938964844,194.64999389648438,53103900
2024-06-10,191.8171844482422,193.1199951171875,197.3000030517578,192.14999389648438,196.89999389648438,97010200
2024-06-11,205.7525177001953,207.14999389648438,207.16000366210938,193.6300048828125,193.64999389648438,172373300
2024-06-12,211.6326141357422,213.07000732421875,220.1999969482422,206.89999389648438,207.3699951171875,198134300
2024-06-13,212.79470825195312,214.24000549316406,216.75,211.60000610351562,214.74000549316406,97862700
2024-06-14,211.05653381347656,212.49000549316406,215.1699981689453,211.3000030517578,213.85000610351562,70122700
2024-06-17,215.2083282470703,216.6699981689453,218.9499969482422,212.72000122070312,213.3699951171875,93728300
2024-06-18,212.84437561035156,214.2899932861328,218.6300048828125,213.0,217.58999633789062,79943300
2024-06-20,208.2654571533203,209.67999267578125,214.24000549316406,208.85000610351562,213.92999267578125,86172500
2024-06-21,206.0902557373047,207.49000549316406,211.88999938964844,207.11000061035156,210.38999938964844,241805100
2024-06-24,206.73585510253906,208.13999938964844,212.6999969482422,206.58999633789062,207.72000122070312,80727000
2024-06-25,207.6595916748047,209.07000732421875,211.3800048828125,208.61000061035156,209.14999389648438,55549700
2024-06-26,211.81138610839844,213.25,214.86000061035156,210.63999938964844,211.5,66213200
2024-06-27,212.65565490722656,214.10000610351562,215.74000549316406,212.35000610351562,214.69000244140625,49772700
2024-06-28,209.19912719726562,210.6199951171875,216.07000732421875,210.3000030517578,215.77000427246094,82542700
2024-07-01,215.2877960205078,216.75,217.50999450683594,211.9199981689453,212.08999633789062,60402900
2024-07-02,218.78404235839844,220.27000427246094,220.3800048828125,215.10000610351562,216.14999389648438,58046200
2024-07-03,220.05538940429688,221.5500030517578,221.5500030517578,219.02999877929688,220.0,37369800
2024-07-05,224.81307983398438,226.33999633789062,226.4499969482422,221.64999389648438,221.64999389648438,60412400
2024-07-08,226.28311157226562,227.82000732421875,227.85000610351562,223.25,227.08999633789062,59085900
2024-07-09,227.1372833251953,228.67999267578125,229.39999389648438,226.3699951171875,227.92999267578125,48076100
2024-07-10,231.4082794189453,232.97999572753906,233.0800018310547,229.25,229.3000030517578,62627700
2024-07-11,226.03480529785156,227.57000732421875,232.38999938964844,225.77000427246094,231.38999938964844,64710600
2024-07-12,228.98475646972656,230.5399932861328,232.63999938964844,228.67999267578125,228.9199981689453,53046500
2024-07-15,232.81871032714844,234.39999389648438,237.22999572753906,233.08999633789062,236.47999572753906,62631300
2024-07-16,233.23587036132812,234.82000732421875,236.27000427246094,232.3300018310547,235.0,43234300
2024-07-17,227.33595275878906,228.8800048828125,231.4600067138672,226.63999938964844,229.4499969482422,57345900
2024-07-18,222.6676483154297,224.17999267578125,230.44000244140625,222.27000427246094,230.27999877929688,66034600
2024-07-19,222.79678344726562,224.30999755859375,226.8000030517578,223.27999877929688,224.82000732421875,49151500
2024-07-22,222.44915771484375,223.9600067138672,227.77999877929688,223.08999633789062,227.00999450683594,48201800
2024-07-23,223.49205017089844,225.00999450683594,226.94000244140625,222.67999267578125,224.3699951171875,39960300
2024-07-24,217.06570434570312,218.5399932861328,224.8000030517578,217.1300048828125,224.0,61777600
2024-07-25,216.02279663085938,217.49000549316406,220.85000610351562,214.6199951171875,218.92999267578125,51391200
2024-07-26,216.4896240234375,217.9600067138672,219.49000549316406,216.00999450683594,218.6999969482422,41601300
2024-07-29,216.7677459716797,218.24000549316406,219.3000030517578,215.75,216.9600067138672,36311800
2024-07-30,217.32394409179688,218.8000030517578,220.3300018310547,216.1199951171875,219.19000244140625,41643800
2024-07-31,220.58181762695312,222.0800018310547,223.82000732421875,220.6300048828125,221.44000244140625,50036300
2024-08-01,216.8869171142578,218.36000061035156,224.47999572753906,217.02000427246094,224.3699951171875,62501000
2024-08-02,218.37680053710938,219.86000061035156,225.60000610351562,217.7100067138672,219.14999389648438,105568600
2024-08-05,207.85826110839844,209.27000427246094,213.5,196.0,199.08999633789062,119548600
2024-08-06,205.83200073242188,207.22999572753906,209.99000549316406,201.07000732421875,205.3000030517578,69660500
2024-08-07,208.404541015625,209.82000732421875,213.63999938964844,206.38999938964844,206.89999389648438,63516400
2024-08-08,211.87098693847656,213.30999755859375,214.1999969482422,208.8300018310547,213.11000061035156,47161100
2024-08-09,214.78123474121094,216.24000549316406,216.77999877929688,211.97000122070312,212.10000610351562,42201600
2024-08-12,216.3126220703125,217.52999877929688,219.50999450683594,215.60000610351562,216.07000732421875,38028100
2024-08-13,220.0316619873047,221.27000427246094,221.88999938964844,219.00999450683594,219.00999450683594,44155300
2024-08-14,220.4791717529297,221.72000122070312,223.02999877929688,219.6999969482422,220.57000732421875,41960600
2024-08-15,223.46237182617188,224.72000122070312,225.35000610351562,222.75999450683594,224.60000610351562,46414000
2024-08-16,224.78492736816406,226.0500030517578,226.8300018310547,223.64999389648438,223.9199981689453,44340200
2024-08-19,224.6258087158203,225.88999938964844,225.99000549316406,223.0399932861328,225.72000122070312,40687800
2024-08-20,225.24234008789062,226.50999450683594,227.1699981689453,225.4499969482422,225.77000427246094,30299000
2024-08-21,225.13296508789062,226.39999389648438,227.97999572753906,225.0500030517578,226.52000427246094,34765500
2024-08-22,223.27342224121094,224.52999877929688,228.33999633789062,223.89999389648438,227.7899932861328,43695300
2024-08-23,225.57049560546875,226.83999633789062,228.22000122070312,224.3300018310547,225.66000366210938,38677300
2024-08-26,225.90859985351562,227.17999267578125,227.27999877929688,223.88999938964844,226.75999450683594,30602200
2024-08-27,226.75384521484375,228.02999877929688,228.85000610351562,224.88999938964844,226.0,35934600
2024-08-28,225.2224578857422,226.49000549316406,229.86000061035156,225.67999267578125,227.9199981689453,38052200
2024-08-29,228.5039825439453,229.7899932861328,232.9199981689453,228.8800048828125,230.10000610351562,51906300
2024-08-30,227.7184295654297,229.0,230.39999389648438,227.47999572753906,230.19000244140625,52990800
2024-09-03,221.52330017089844,222.77000427246094,229.0,221.1699981689453,228.5500030517578,50190600
2024-09-04,219.61402893066406,220.85000610351562,221.77999877929688,217.47999572753906,221.66000366210938,43840200
2024-09-05,221.13546752929688,222.3800048828125,225.47999572753906,221.52000427246094,221.6300048828125,36615400
2024-09-06,219.58421325683594,220.82000732421875,225.24000549316406,219.77000427246094,223.9499969482422,48423000
2024-09-09,219.67369079589844,220.91000366210938,221.27000427246094,216.7100067138672,220.82000732421875,67180000
2024-09-10,218.878173828125,220.11000061035156,221.47999572753906,216.72999572753906,218.9199981689453,51591000
2024-09-11,221.4138946533203,222.66000366210938,223.08999633789062,217.88999938964844,221.4600067138672,44587100
2024-09-12,221.52330017089844,222.77000427246094,223.5500030517578,219.82000732421875,222.5,37455600
2024-09-13,221.2548065185547,222.5,224.0399932861328,221.91000366210938,223.5800018310547,36766600
2024-09-16,215.10939025878906,216.32000732421875,217.22000122070312,213.9199981689453,216.5399932861328,59357400
2024-09-17,215.5767364501953,216.7899932861328,216.89999389648438,214.5,215.75,45519300
2024-09-18,219.45492553710938,220.69000244140625,222.7100067138672,217.5399932861328,217.5500030517578,59894900
2024-09-19,227.58912658691406,228.8699951171875,229.82000732421875,224.6300048828125,224.99000549316406,66781300
2024-09-20,226.9228973388672,228.1999969482422,233.08999633789062,227.6199951171875,229.97000122070312,318679900
2024-09-23,225.20257568359375,226.47000122070312,229.4499969482422,225.80999755859375,227.33999633789062,54146000
2024-09-24,226.0975341796875,227.3699951171875,229.35000610351562,225.72999572753906,228.64999389648438,43556100
2024-09-25,225.10313415527344,226.3699951171875,227.2899932861328,224.02000427246094,224.92999267578125,42308700
2024-09-26,226.24667358398438,227.52000427246094,228.5,225.41000366210938,227.3000030517578,36636700
2024-09-27,226.51516723632812,227.7899932861328,229.52000427246094,227.3000030517578,228.4600067138672,34026000
2024-09-30,231.696044921875,233.0,233.0,229.64999389648438,230.0399932861328,54541900
2024-10-01,224.9440460205078,226.2100067138672,229.64999389648438,223.74000549316406,229.52000427246094,63285000
2024-10-02,225.51084899902344,226.77999877929688,227.3699951171875,223.02000427246094,225.88999938964844,32880600
2024-10-03,224.40704345703125,225.6699981689453,226.80999755859375,223.32000732421875,225.13999938964844,34044200
2024-10-04,225.53073120117188,226.8000030517578,228.0,224.1300048828125,227.89999389648438,37245100
2024-10-07,220.44932556152344,221.69000244140625,225.69000244140625,221.3300018310547,224.5,39505400
2024-10-08,224.50648498535156,225.77000427246094,225.97999572753906,223.25,224.3000030517578,31855700
2024-10-09,228.25540161132812,229.5399932861328,229.75,224.8300018310547,225.22999572753906,33591100
2024-10-10,227.7581787109375,229.0399932861328,229.5,227.1699981689453,227.77999877929688,28183500
2024-10-11,226.2765350341797,227.5500030517578,229.41000366210938,227.33999633789062,229.3000030517578,31759200
2024-10-14,230.00555419921875,231.3000030517578,231.72999572753906,228.60000610351562,228.6999969482422,39882100
2024-10-15,232.54129028320312,233.85000610351562,237.49000549316406,232.3699951171875,233.61000061035156,64751400
2024-10-16,230.4828338623047,231.77999877929688,232.1199951171875,229.83999633789062,231.60000610351562,34082200
2024-10-17,230.8507843017578,232.14999389648438,233.85000610351562,230.52000427246094,233.42999267578125,32993800
2024-10-18,233.68482971191406,235.0,236.17999267578125,234.00999450683594,236.17999267578125,46431500
2024-10-21,235.15655517578125,236.47999572753906,236.85000610351562,234.4499969482422,234.4499969482422,36254500
2024-10-22,234.5400390625,235.86000061035156,236.22000122070312,232.60000610351562,233.88999938964844,38846600
2024-10-23,229.46856689453125,230.75999450683594,235.13999938964844,227.75999450683594,234.0800018310547,52287000
2024-10-24,229.27963256835938,230.57000732421875,230.82000732421875,228.41000366210938,229.97999572753906,31109500
2024-10-25,230.1149444580078,231.41000366210938,233.22000122070312,229.57000732421875,229.74000549316406,38802300
2024-10-28,232.09378051757812,233.39999389648438,234.72999572753906,232.5500030517578,233.32000732421875,36087100
2024-10-29,232.36227416992188,233.6699981689453,234.3300018310547,232.32000732421875,233.10000610351562,35417200
