Price,Adj Close,Adj Close,Close,Close,High,High,Low,Low,Open,Open,Volume,Volume
Ticker,AAPL,MSFT,AAPL,MSFT,AAPL,MSFT,AAPL,MSFT,AAPL,MSFT,AAPL,MSFT
Date,,,,,,,,,,,,
2023-01-03,123.2112045288086,234.42356872558594,125.06999969482422,239.5800018310547,130.89999389648438,245.75,124.16999816894531,237.39999389648438,130.27999877929688,243.0800018310547,112117500,25740000
2023-01-04,124.48202514648438,224.1691436767578,126.36000061035156,229.10000610351562,128.66000366210938,232.8699951171875,125.08000183105469,225.9600067138672,126.88999938964844,232.27999877929688,89113600,50623400
2023-01-05,123.16194915771484,217.52528381347656,125.0199966430664,222.30999755859375,127.7699966430664,227.5500030517578,124.76000213623047,221.75999450683594,127.12999725341797,227.1999969482422,80962700,39585600
2023-01-06,127.69359588623047,220.08888244628906,129.6199951171875,224.92999267578125,130.2899932861328,225.75999450683594,124.88999938964844,219.35000610351562,126.01000213623047,223.0,87754700,43613600
2023-01-09,128.21568298339844,222.2317352294922,130.14999389648438,227.1199951171875,133.41000366210938,231.24000549316406,129.88999938964844,226.41000366210938,130.47000122070312,226.4499969482422,70790800,27369800
2023-01-10,128.78709411621094,223.92454528808594,130.72999572753906,228.85000610351562,131.25999450683594,231.30999755859375,128.1199951171875,227.3300018310547,130.25999450683594,227.75999450683594,63896200,27033900
2023-01-11,131.50608825683594,230.695556640625,133.49000549316406,235.77000427246094,133.50999450683594,235.9499969482422,130.4600067138672,231.11000061035156,131.25,231.2899932861328,69458900,28669300
2023-01-12,131.42726135253906,233.3765869140625,133.41000366210938,238.50999450683594,134.25999450683594,239.89999389648438,131.44000244140625,233.55999755859375,133.8800048828125,235.25999450683594,71379600,27269500
2023-01-13,132.7571563720703,234.08111572265625,134.75999450683594,239.22999572753906,134.9199981689453,239.3699951171875,131.66000366210938,234.9199981689453,132.02999877929688,237.0,57809700,21333300
2023-01-17,133.919677734375,235.17703247070312,135.94000244140625,240.35000610351562,137.2899932861328,240.91000366210938,134.1300048828125,237.08999633789062,134.8300018310547,237.97000122070312,63646600,29831300
2023-01-18,133.20053100585938,230.73472595214844,135.2100067138672,235.80999755859375,138.61000061035156,242.3800048828125,135.02999877929688,235.52000427246094,136.82000732421875,241.57000732421875,69672800,30028700
2023-01-19,133.25962829589844,226.938232421875,135.27000427246094,231.92999267578125,136.25,235.52000427246094,133.77000427246094,230.67999267578125,134.0800018310547,233.77999877929688,58280400,28623000
2023-01-20,135.8209991455078,235.0498046875,137.8699951171875,240.22000122070312,138.02000427246094,240.74000549316406,134.22000122070312,234.50999450683594,135.27999877929688,234.86000061035156,80223600,35389800
2023-01-23,139.01280212402344,237.35903930664062,141.11000061035156,242.5800018310547,143.32000732421875,245.1699981689453,137.89999389648438,239.64999389648438,138.1199951171875,241.10000610351562,81760300,31934000
2023-01-24,140.4116973876953,236.8306121826172,142.52999877929688,242.0399932861328,143.16000366210938,243.9499969482422,140.3000030517578,240.44000244140625,140.30999755859375,242.5,66435100,40234400
2023-01-25,139.75164794921875,235.43141174316406,141.86000061035156,240.61000061035156,142.42999267578125,243.3000030517578,138.80999755859375,230.89999389648438,140.88999938964844,234.47999572753906,65799300,66526600
2023-01-26,141.8204803466797,242.66236877441406,143.9600067138672,248.0,144.25,248.30999755859375,141.89999389648438,242.0,143.1699981689453,243.64999389648438,54105100,33454500
2023-01-27,143.7611541748047,242.81887817382812,145.92999267578125,248.16000366210938,147.22999572753906,249.8300018310547,143.0800018310547,246.8300018310547,143.16000366210938,248.99000549316406,70555800,26498900
2023-01-30,140.87474060058594,237.4862060546875,143.0,242.7100067138672,145.5500030517578,245.60000610351562,142.85000610351562,242.1999969482422,144.9600067138672,244.50999450683594,64015300,25867400
2023-01-31,142.14556884765625,242.47645568847656,144.2899932861328,247.80999755859375,144.33999633789062,247.9499969482422,142.27999877929688,242.9499969482422,142.6999969482422,243.4499969482422,65874500,26541100
2023-02-01,143.26858520507812,247.3101348876953,145.42999267578125,252.75,146.61000061035156,255.17999267578125,141.32000732421875,245.47000122070312,143.97000122070312,248.0,77663600,31259900
2023-02-02,148.57850646972656,258.9050598144531,150.82000732421875,264.6000061035156,151.17999267578125,264.69000244140625,148.1699981689453,257.25,148.89999389648438,258.82000732421875,118339000,39940400
2023-02-03,152.20382690429688,252.7896270751953,154.5,258.3500061035156,157.3800048828125,264.20001220703125,147.8300018310547,257.1000061035156,148.02999877929688,259.5400085449219,154357300,29077300
2023-02-06,149.4749755859375,251.24359130859375,151.72999572753906,256.7699890136719,153.10000610351562,258.29998779296875,150.77999877929688,254.77999877929688,152.57000732421875,257.44000244140625,69858300,22518000
2023-02-07,152.3515625,261.8013610839844,154.64999389648438,267.55999755859375,155.22999572753906,268.7699890136719,150.63999938964844,260.0799865722656,150.63999938964844,260.5299987792969,83322600,50841400
2023-02-08,149.6621551513672,260.9892272949219,151.9199981689453,266.7300109863281,154.5800018310547,276.760009765625,151.1699981689453,266.2099914550781,153.8800048828125,273.20001220703125,64120100,54686000
2023-02-09,148.6277618408203,257.9461975097656,150.8699951171875,263.6199951171875,154.3300018310547,273.9800109863281,150.4199981689453,262.79998779296875,153.77999877929688,273.79998779296875,56007100,42375100
2023-02-10,148.99281311035156,257.4373474121094,151.00999450683594,263.1000061035156,151.33999633789062,264.0899963378906,149.22000122070312,260.6600036621094,149.4600067138672,261.5299987792969,57450700,25818500
2023-02-13,151.79490661621094,265.48040771484375,153.85000610351562,271.32000732421875,154.25999450683594,274.6000061035156,150.9199981689453,267.1499938964844,150.9499969482422,267.6400146484375,62199000,44630900
2023-02-14,151.15357971191406,266.3121643066406,153.1999969482422,272.1700134277344,153.77000427246094,274.9700012207031,150.86000061035156,269.2799987792969,152.1199951171875,272.6700134277344,61707600,37047900
2023-02-15,153.255126953125,264.1835021972656,155.3300018310547,269.32000732421875,155.5,270.7300109863281,152.8800048828125,266.17999267578125,153.11000061035156,268.32000732421875,65573800,28922400
2023-02-16,151.65676879882812,257.15032958984375,153.7100067138672,262.1499938964844,156.3300018310547,266.739990234375,153.35000610351562,261.8999938964844,153.50999450683594,264.0199890136719,68167900,29603600
2023-02-17,150.5122528076172,253.1383056640625,152.5500030517578,258.05999755859375,153.0,260.0899963378906,150.85000610351562,256.0,152.35000610351562,259.3900146484375,59144100,30000100
2023-02-21,146.4966278076172,247.85108947753906,148.47999572753906,252.6699981689453,151.3000030517578,255.49000549316406,148.41000366210938,251.58999633789062,150.1999969482422,254.47999572753906,58867200,28397400
2023-02-22,146.92086791992188,246.71322631835938,148.91000366210938,251.50999450683594,149.9499969482422,254.33999633789062,147.16000366210938,250.33999633789062,148.8699951171875,254.08999633789062,51011300,22491100
2023-02-23,147.40431213378906,249.91104125976562,149.39999389648438,254.77000427246094,150.33999633789062,256.8399963378906,147.24000549316406,250.47999572753906,150.08999633789062,255.55999755859375,48394200,29219100
2023-02-24,144.75025939941406,244.4668731689453,146.7100067138672,249.22000122070312,147.19000244140625,251.0,145.72000122070312,248.10000610351562,147.11000061035156,249.9600067138672,55469600,24990900
2023-02-27,145.944091796875,245.3889617919922,147.9199981689453,250.16000366210938,149.1699981689453,252.82000732421875,147.4499969482422,249.38999938964844,147.7100067138672,252.4600067138672,44998500,21190000
2023-02-28,145.44093322753906,244.66305541992188,147.41000366210938,249.4199981689453,149.0800018310547,251.49000549316406,146.8300018310547,248.72999572753906,147.0500030517578,249.07000732421875,50547000,22491000
2023-03-01,143.36895751953125,241.57315063476562,145.30999755859375,246.27000427246094,147.22999572753906,250.92999267578125,145.00999450683594,245.7899932861328,146.8300018310547,250.75999450683594,55479000,27565300
2023-03-02,143.96095275878906,246.3208465576172,145.91000366210938,251.11000061035156,146.7100067138672,251.39999389648438,143.89999389648438,245.61000061035156,144.3800048828125,246.5500030517578,52238100,24808200
2023-03-03,149.01255798339844,250.42112731933594,151.02999877929688,255.2899932861328,151.11000061035156,255.6199951171875,147.3300018310547,251.38999938964844,148.0399932861328,252.19000244140625,70732300,30760100
2023-03-06,151.77516174316406,251.97097778320312,153.8300018310547,256.8699951171875,156.3000030517578,260.1199951171875,153.4600067138672,255.97999572753906,153.7899932861328,256.42999267578125,87558000,24109800
2023-03-07,149.574951171875,249.3028564453125,151.60000610351562,254.14999389648438,154.02999877929688,257.69000244140625,151.1300048828125,253.38999938964844,153.6999969482422,256.29998779296875,56182000,21473200
2023-03-08,150.82798767089844,248.86143493652344,152.8699951171875,253.6999969482422,153.47000122070312,254.5399932861328,151.8300018310547,250.80999755859375,152.80999755859375,254.0399932861328,47204800,17340200
2023-03-09,148.57843017578125,247.50775146484375,150.58999633789062,252.32000732421875,154.5399932861328,259.55999755859375,150.22999572753906,251.5800018310547,153.55999755859375,255.82000732421875,53833600,26653400
2023-03-10,146.516357421875,243.84890747070312,148.5,248.58999633789062,150.94000244140625,252.7899932861328,147.61000061035156,247.60000610351562,150.2100067138672,251.0800018310547,68572400,28333900
2023-03-13,148.46002197265625,249.0772247314453,150.47000122070312,253.9199981689453,153.13999938964844,257.9100036621094,147.6999969482422,245.72999572753906,147.80999755859375,247.39999389648438,84457100,33339700
2023-03-14,150.55169677734375,255.81625366210938,152.58999633789062,260.7900085449219,153.39999389648438,261.07000732421875,150.10000610351562,255.86000061035156,151.27999877929688,256.75,73695900,33620300
2023-03-15,150.94639587402344,260.3775634765625,152.99000549316406,265.44000244140625,153.25,266.4800109863281,149.9199981689453,259.2099914550781,151.19000244140625,259.9800109863281,77167900,46028000
2023-03-16,153.7681884765625,270.9323425292969,155.85000610351562,276.20001220703125,156.4600067138672,276.55999755859375,151.63999938964844,263.2799987792969,152.16000366210938,265.2099914550781,76161100,54768800
2023-03-17,152.9295196533203,274.1007080078125,155.0,279.42999267578125,156.74000549316406,283.3299865722656,154.27999877929688,276.32000732421875,156.0800018310547,278.260009765625,98944600,69527400
2023-03-20,155.29747009277344,267.03802490234375,157.39999389648438,272.2300109863281,157.82000732421875,277.4800109863281,154.14999389648438,269.8500061035156,155.07000732421875,276.9800109863281,73641400,43466600
2023-03-21,157.15235900878906,268.5584716796875,159.27999877929688,273.7799987792969,159.39999389648438,275.0,156.5399932861328,269.5199890136719,157.32000732421875,274.8800048828125,73938300,34558700
2023-03-22,155.72171020507812,267.0968933105469,157.8300018310547,272.2900085449219,162.13999938964844,281.0400085449219,157.80999755859375,272.17999267578125,159.3000030517578,273.3999938964844,75701800,34873300
2023-03-23,156.80703735351562,272.364501953125,158.92999267578125,277.6600036621094,161.5500030517578,281.05999755859375,157.67999267578125,275.20001220703125,158.8300018310547,277.94000244140625,67622100,36610900
2023-03-24,158.10940551757812,275.2190246582031,160.25,280.57000732421875,160.33999633789062,280.6300048828125,157.85000610351562,275.2799987792969,158.86000061035156,277.239990234375,59196500,28172000
2023-03-27,156.16571044921875,271.10888671875,158.27999877929688,276.3800048828125,160.77000427246094,281.4599914550781,157.8699951171875,275.5199890136719,159.94000244140625,280.5,52390300,26840200
2023-03-28,155.5441131591797,269.9808654785156,157.64999389648438,275.2300109863281,158.49000549316406,276.1400146484375,155.97999572753906,272.04998779296875,157.97000122070312,275.7900085449219,45992200,21878600
2023-03-29,158.62245178222656,275.1601257324219,160.77000427246094,280.510009765625,161.0500030517578,281.1400146484375,159.35000610351562,278.4100036621094,159.3699951171875,278.9599914550781,51305700,25087000
2023-03-30,160.19122314453125,278.6325988769531,162.36000061035156,284.04998779296875,162.47000122070312,284.4599914550781,161.27000427246094,281.4800109863281,161.52999877929688,284.2300109863281,49501700,25053400
2023-03-31,162.697265625,282.8015441894531,164.89999389648438,288.29998779296875,165.0,289.2699890136719,161.91000366210938,283.0,162.44000244140625,283.7300109863281,68749800,32766000
2023-04-03,163.95033264160156,281.75201416015625,166.1699981689453,287.2300109863281,166.2899932861328,288.2699890136719,164.22000122070312,283.95001220703125,164.27000427246094,286.5199890136719,56976200,24883300
2023-04-04,163.41751098632812,281.70294189453125,165.6300048828125,287.17999267578125,166.83999633789062,290.45001220703125,165.11000061035156,285.6700134277344,166.60000610351562,287.2300109863281,46278300,25824300
2023-04-05,161.572509765625,278.91705322265625,163.75999450683594,284.3399963378906,165.0500030517578,287.1499938964844,161.8000030517578,282.9200134277344,164.74000549316406,285.8500061035156,51511700,22064800
2023-04-06,162.46047973632812,286.0386962890625,164.66000366210938,291.6000061035156,164.9600067138672,292.0799865722656,162.0,282.0299987792969,162.42999267578125,283.2099914550781,45390100,29770300
2023-04-10,159.86561584472656,283.87078857421875,162.02999877929688,289.3900146484375,162.02999877929688,289.6000061035156,160.0800018310547,284.7099914550781,161.4199981689453,289.2099914550781,47716900,23103000
2023-04-11,158.65206909179688,277.4359130859375,160.8000030517578,282.8299865722656,162.36000061035156,285.9800109863281,160.50999450683594,281.6400146484375,162.35000610351562,285.75,47644200,27276600
2023-04-12,157.96142578125,278.0832824707031,160.10000610351562,283.489990234375,162.05999755859375,287.010009765625,159.77999877929688,281.9599914550781,161.22000122070312,284.7900085449219,50133100,27403400
2023-04-13,163.34848022460938,284.31219482421875,165.55999755859375,289.8399963378906,165.8000030517578,289.8999938964844,161.4199981689453,283.1700134277344,161.6300048828125,283.5899963378906,68445600,24222700
2023-04-14,163.00314331054688,280.6827697753906,165.2100067138672,286.1400146484375,166.32000732421875,288.4800109863281,163.82000732421875,283.69000244140625,164.58999633789062,287.0,49386500,20987900
2023-04-17,163.02288818359375,283.29193115234375,165.22999572753906,288.79998779296875,165.38999938964844,291.6000061035156,164.02999877929688,286.1600036621094,165.08999633789062,289.92999267578125,41516200,23836200
2023-04-18,164.246337890625,282.8702087402344,166.47000122070312,288.3699951171875,167.41000366210938,291.760009765625,165.64999389648438,287.010009765625,166.10000610351562,291.57000732421875,49923000,20161800
2023-04-19,165.39083862304688,282.9486999511719,167.6300048828125,288.45001220703125,168.16000366210938,289.04998779296875,165.5399932861328,284.5400085449219,165.8000030517578,285.989990234375,47720200,17150300
2023-04-20,164.4239044189453,280.6533203125,166.64999389648438,286.1099853515625,167.8699951171875,289.0299987792969,165.55999755859375,285.0799865722656,166.08999633789062,285.25,52456400,23244400
2023-04-21,162.81568908691406,280.3100280761719,165.02000427246094,285.760009765625,166.4499969482422,286.2699890136719,164.49000549316406,283.05999755859375,165.0500030517578,285.010009765625,58337300,21676400
2023-04-24,163.1215362548828,276.3961181640625,165.3300018310547,281.7699890136719,165.60000610351562,284.95001220703125,163.88999938964844,278.7200012207031,165.0,282.0899963378906,41949600,26611000
2023-04-25,161.58236694335938,270.167236328125,163.77000427246094,275.4200134277344,166.30999755859375,281.6000061035156,163.72999572753906,275.3699951171875,165.19000244140625,279.510009765625,48714100,45772200
2023-04-26,161.572509765625,289.7366943359375,163.75999450683594,295.3699951171875,165.27999877929688,299.57000732421875,162.8000030517578,292.7300109863281,163.05999755859375,296.70001220703125,45498800,64599200
2023-04-27,166.16038513183594,299.0162658691406,168.41000366210938,304.8299865722656,168.55999755859375,305.20001220703125,165.19000244140625,295.25,165.19000244140625,295.9700012207031,64902300,46462600
2023-04-28,167.41339111328125,301.3999938964844,169.67999267578125,307.260009765625,169.85000610351562,308.92999267578125,167.8800048828125,303.30999755859375,168.49000549316406,304.010009765625,55275900,36469600
2023-05-01,167.3246307373047,299.7323913574219,169.58999633789062,305.55999755859375,170.4499969482422,308.6000061035156,168.63999938964844,305.1499938964844,169.27999877929688,306.9700012207031,52472900,21294100
2023-05-02,166.2886505126953,299.585205078125,168.5399932861328,305.4100036621094,170.35000610351562,309.17999267578125,167.5399932861328,303.9100036621094,170.08999633789062,307.760009765625,48425700,26404400
2023-05-03,165.2132110595703,298.594482421875,167.4499969482422,304.3999938964844,170.9199981689453,308.6099853515625,167.16000366210938,304.0899963378906,169.5,306.6199951171875,65136000,22360800
2023-05-04,163.57537841796875,299.585205078125,165.7899932861328,305.4100036621094,167.0399932861328,307.760009765625,164.30999755859375,303.3999938964844,164.88999938964844,306.239990234375,81235400,22519900
2023-05-05,171.25149536132812,304.7253112792969,173.57000732421875,310.6499938964844,174.3000030517578,311.9700012207031,170.75999450683594,304.2699890136719,170.97999572753906,305.7200012207031,113453200,28197100
2023-05-08,171.182373046875,302.763427734375,173.5,308.6499938964844,173.85000610351562,310.20001220703125,172.11000061035156,306.0899963378906,172.47999572753906,310.1300048828125,55962800,21318600
2023-05-09,169.4755096435547,301.1449279785156,171.77000427246094,307.0,173.5399932861328,310.0400085449219,171.60000610351562,306.30999755859375,173.0500030517578,308.0,45326900,21340800
2023-05-10,171.24160766601562,306.3536376953125,173.55999755859375,312.30999755859375,174.02999877929688,313.0,171.89999389648438,307.6700134277344,173.02000427246094,308.6199951171875,53724500,30078000
2023-05-11,171.42906188964844,304.1955871582031,173.75,310.1099853515625,174.58999633789062,311.1199951171875,172.1699981689453,306.260009765625,173.85000610351562,310.1000061035156,49514700,31680200
2023-05-12,170.50033569335938,303.0773010253906,172.57000732421875,308.9700012207031,174.05999755859375,310.6499938964844,171.0,306.6000061035156,173.6199951171875,310.54998779296875,45533100,19774700
2023-05-15,170.00631713867188,303.5579528808594,172.07000732421875,309.4599914550781,173.2100067138672,309.8999938964844,171.47000122070312,307.5899963378906,173.16000366210938,309.1000061035156,37266700,16336500
2023-05-16,170.00631713867188,305.79449462890625,172.07000732421875,311.739990234375,173.13999938964844,313.7099914550781,171.8000030517578,309.8299865722656,171.99000549316406,309.8299865722656,42110300,26730300
2023-05-17,170.618896484375,308.6847229003906,172.69000244140625,314.0,172.92999267578125,314.42999267578125,170.4199981689453,310.739990234375,171.7100067138672,312.2900085449219,57951600,24315000
2023-05-18,172.95059204101562,313.12823486328125,175.0500030517578,318.5199890136719,175.24000549316406,319.0400085449219,172.5800018310547,313.7200012207031,173.0,314.5299987792969,65496700,27276000
2023-05-19,173.0592803955078,312.9512634277344,175.16000366210938,318.3399963378906,176.38999938964844,318.75,174.94000244140625,316.3699951171875,176.38999938964844,316.739990234375,55809500,27546700
2023-05-22,172.1107635498047,315.7431640625,174.1999969482422,321.17999267578125,174.7100067138672,322.5899963378906,173.4499969482422,318.010009765625,173.97999572753906,318.6000061035156,43570900,24115700
2023-05-23,169.50245666503906,309.92340087890625,171.55999755859375,315.260009765625,173.3800048828125,322.7200012207031,171.27999877929688,315.25,173.1300048828125,320.0299987792969,50747300,30797200
2023-05-24,169.7791290283203,308.5372619628906,171.83999633789062,313.8500061035156,172.4199981689453,316.5,170.52000427246094,312.6099853515625,171.08999633789062,314.7300109863281,45143500,23384900
2023-05-25,170.91529846191406,320.4029541015625,172.99000549316406,325.9200134277344,173.89999389648438,326.8999938964844,171.69000244140625,320.0,172.41000366210938,323.239990234375,56058300,43301700
2023-05-26,173.32601928710938,327.2549743652344,175.42999267578125,332.8900146484375,175.77000427246094,333.3999938964844,173.11000061035156,323.8800048828125,173.32000732421875,324.0199890136719,54835000,36630600
2023-05-30,175.17361450195312,325.6033935546875,177.3000030517578,331.2099914550781,178.99000549316406,335.739990234375,176.57000732421875,330.5199890136719,176.9600067138672,335.2300109863281,55964400,29503100
2023-05-31,175.12420654296875,322.8311462402344,177.25,328.3900146484375,179.35000610351562,335.94000244140625,176.75999450683594,327.3299865722656,177.3300018310547,332.2900085449219,99625300,45950600
2023-06-01,177.93014526367188,326.9502258300781,180.08999633789062,332.5799865722656,180.1199951171875,333.5299987792969,176.92999267578125,324.7200012207031,177.6999969482422,325.92999267578125,68901800,26773900
2023-06-02,178.77981567382812,329.7224426269531,180.9499969482422,335.3999938964844,181.77999877929688,337.5,179.25999450683594,332.54998779296875,181.02999877929688,334.25,61996900,25873800
2023-06-05,177.42626953125,330.2533874511719,179.5800018310547,335.94000244140625,184.9499969482422,338.55999755859375,178.0399932861328,334.6600036621094,182.6300048828125,335.2200012207031,121946500,21307100
2023-06-06,177.0607147216797,328.0316467285156,179.2100067138672,333.67999267578125,180.1199951171875,335.3699951171875,177.42999267578125,332.1700134277344,179.97000122070312,335.3299865722656,64848400,20396200
2023-06-07,175.68739318847656,317.906005859375,177.82000732421875,323.3800048828125,181.2100067138672,334.489990234375,177.32000732421875,322.5,178.44000244140625,331.6499938964844,61944600,40717100
2023-06-08,178.4044189453125,319.754150390625,180.57000732421875,325.260009765625,180.83999633789062,326.6400146484375,177.4600067138672,323.3500061035156,177.89999389648438,323.94000244140625,50214900,23277700
2023-06-09,178.7897186279297,321.2582092285156,180.9600067138672,326.7900085449219,182.22999572753906,329.989990234375,180.6300048828125,324.4100036621094,181.5,324.989990234375,48900000,22529000
2023-06-12,181.58575439453125,326.2325744628906,183.7899932861328,331.8500061035156,183.88999938964844,332.1000061035156,180.97000122070312,325.1600036621094,181.27000427246094,328.5799865722656,54274900,24260300
2023-06-13,181.11154174804688,328.6312561035156,183.30999755859375,334.2900085449219,184.14999389648438,336.9800109863281,182.44000244140625,330.3900146484375,182.8000030517578,334.4700012207031,54929100,22951300
2023-06-14,181.74386596679688,331.6296691894531,183.9499969482422,337.3399963378906,184.38999938964844,339.0400085449219,182.02000427246094,332.80999755859375,183.3699951171875,334.3399963378906,57462900,26003800
2023-06-15,183.7791748046875,342.2074890136719,186.00999450683594,348.1000061035156,186.52000427246094,349.8399963378906,183.77999877929688,337.20001220703125,183.9600067138672,337.4800109863281,65433200,38899100
2023-06-16,182.7022247314453,336.5351867675781,184.9199981689453,342.3299865722656,186.99000549316406,351.4700012207031,184.27000427246094,341.95001220703125,186.72999572753906,351.32000732421875,101256200,46552000
2023-06-20,182.7911376953125,332.3276062011719,185.00999450683594,338.04998779296875,186.10000610351562,342.0799865722656,184.41000366210938,335.8599853515625,184.41000366210938,339.30999755859375,49799100,26375400
2023-06-21,181.75375366210938,327.91363525390625,183.9600067138672,333.55999755859375,185.41000366210938,337.7300109863281,182.58999633789062,332.07000732421875,184.89999389648438,336.3699951171875,49515700,25117800
2023-06-22,184.7572784423828,333.9595031738281,187.0,339.7099914550781,187.0500030517578,340.1199951171875,183.6699981689453,333.3399963378906,183.74000549316406,334.1199951171875,51245300,23556800
2023-06-23,184.44110107421875,329.3489074707031,186.67999267578125,335.0199890136719,187.55999755859375,337.9599914550781,185.00999450683594,333.45001220703125,185.5500030517578,334.3599853515625,53117000,23146900
2023-06-26,183.0480499267578,323.0375671386719,185.27000427246094,328.6000061035156,188.0500030517578,336.1099853515625,185.22999572753906,328.489990234375,186.8300018310547,333.7200012207031,48088700,21520600
2023-06-27,185.8045654296875,328.9065246582031,188.05999755859375,334.57000732421875,188.38999938964844,336.1499938964844,185.6699981689453,329.29998779296875,185.88999938964844,331.8599853515625,50730800,24354100
2023-06-28,186.98028564453125,330.1648864746094,189.25,335.8500061035156,189.89999389648438,337.9800109863281,187.60000610351562,333.80999755859375,187.92999267578125,334.6600036621094,51216800,20259500
2023-06-29,187.31619262695312,329.37841796875,189.58999633789062,335.04998779296875,190.07000732421875,336.1099853515625,188.94000244140625,332.6199951171875,189.0800018310547,334.7099914550781,46347300,16997000
2023-06-30,191.6436767578125,334.7755126953125,193.97000122070312,340.5400085449219,194.47999572753906,342.7300109863281,191.25999450683594,337.20001220703125,191.6300048828125,337.75,85213200,26832800
2023-07-03,190.1517791748047,332.2686462402344,192.4600067138672,337.989990234375,193.8800048828125,340.8999938964844,191.75999450683594,336.57000732421875,193.77999877929688,339.19000244140625,31458200,12508700
2023-07-05,189.03533935546875,332.42596435546875,191.3300018310547,338.1499938964844,192.97999572753906,341.6499938964844,190.6199951171875,334.7300109863281,191.57000732421875,335.0899963378906,46920300,18172400
2023-07-06,189.50958251953125,335.4930725097656,191.80999755859375,341.2699890136719,192.02000427246094,342.989990234375,189.1999969482422,335.5,189.83999633789062,337.29998779296875,45094300,28161200
2023-07-07,188.3931121826172,331.5116882324219,190.67999267578125,337.2200012207031,192.6699981689453,341.7900085449219,190.24000549316406,337.0,191.41000366210938,339.32000732421875,46815000,21214800
2023-07-10,186.3479766845703,326.2129211425781,188.61000061035156,331.8299865722656,189.99000549316406,335.2300109863281,187.0399932861328,327.5899963378906,189.25999450683594,334.6000061035156,59922200,32791400
2023-07-11,185.82432556152344,326.8420715332031,188.0800018310547,332.4700012207031,189.3000030517578,332.8599853515625,186.60000610351562,327.0,189.16000366210938,331.05999755859375,46638100,26698200
2023-07-12,187.49404907226562,331.4920654296875,189.77000427246094,337.20001220703125,191.6999969482422,341.6499938964844,188.47000122070312,335.6700134277344,189.67999267578125,336.6000061035156,60750200,29995300
2023-07-13,188.2548065185547,336.8595886230469,190.5399932861328,342.6600036621094,191.19000244140625,343.739990234375,189.77999877929688,339.0199890136719,190.5,339.55999755859375,41342300,20567200
2023-07-14,188.40306091308594,339.39593505859375,190.69000244140625,345.239990234375,191.17999267578125,351.42999267578125,189.6300048828125,344.30999755859375,190.22999572753906,347.5899963378906,41616200,28352700
2023-07-17,191.6634521484375,339.87762451171875,193.99000549316406,345.7300109863281,194.32000732421875,346.989990234375,191.80999755859375,342.20001220703125,191.89999389648438,345.67999267578125,50520200,20363900
2023-07-18,191.40655517578125,353.4046936035156,193.72999572753906,359.489990234375,194.3300018310547,366.7799987792969,192.4199981689453,342.1700134277344,193.35000610351562,345.8299865722656,48288200,64738600
2023-07-19,192.76011657714844,349.0693664550781,195.10000610351562,355.0799865722656,198.22999572753906,362.4599914550781,192.64999389648438,352.44000244140625,193.10000610351562,361.75,80507300,39732900
2023-07-20,190.81375122070312,340.9983215332031,193.1300048828125,346.8699951171875,196.47000122070312,357.9700012207031,192.5,345.3699951171875,195.08999633789062,353.57000732421875,59581200,33778400
2023-07-21,189.63803100585938,337.9507751464844,191.94000244140625,343.7699890136719,194.97000122070312,350.29998779296875,191.22999572753906,339.8299865722656,194.10000610351562,349.1499938964844,71951700,69405400
2023-07-24,190.4383544921875,339.2680969238281,192.75,345.1099853515625,194.91000366210938,346.9200134277344,192.25,342.30999755859375,193.41000366210938,345.8500061035156,45377800,26678100
2023-07-25,191.29788208007812,345.0387268066406,193.6199951171875,350.9800109863281,194.44000244140625,351.8900146484375,192.9199981689453,345.07000732421875,193.3300018310547,347.1099853515625,37283200,41637700
2023-07-26,192.16734313964844,332.0523681640625,194.5,337.7699890136719,195.63999938964844,344.6700134277344,193.32000732421875,333.1099853515625,193.6699981689453,341.44000244140625,47471900,58383700
2023-07-27,190.90267944335938,325.1217041015625,193.22000122070312,330.7200012207031,197.1999969482422,341.3299865722656,192.5500030517578,329.04998779296875,196.02000427246094,340.4800109863281,47460200,39635300
2023-07-28,193.48138427734375,332.6422119140625,195.8300018310547,338.3699951171875,196.6300048828125,340.010009765625,194.13999938964844,333.1700134277344,194.6699981689453,333.6700134277344,48291400,28484900
2023-07-31,194.09393310546875,330.23370361328125,196.4499969482422,335.9200134277344,196.49000549316406,337.70001220703125,195.25999450683594,333.3599853515625,196.05999755859375,336.9200134277344,38824100,25446000
2023-08-01,193.2640380859375,330.6465759277344,195.61000061035156,336.3399963378906,196.72999572753906,338.5400085449219,195.27999877929688,333.70001220703125,196.24000549316406,335.19000244140625,35175100,18311900
2023-08-02,190.27035522460938,321.9562072753906,192.5800018310547,327.5,195.17999267578125,333.6300048828125,191.85000610351562,326.3599853515625,195.0399932861328,333.6300048828125,50389300,27761300
2023-08-03,188.87725830078125,321.1304931640625,191.1699981689453,326.6600036621094,192.3699951171875,329.8800048828125,190.69000244140625,325.95001220703125,191.57000732421875,326.0,61235200,18253700
2023-08-04,179.807373046875,322.2314147949219,181.99000549316406,327.7799987792969,187.3800048828125,335.1400146484375,181.9199981689453,327.239990234375,185.52000427246094,331.8800048828125,115956800,23741500
2023-08-07,176.7050323486328,324.52203369140625,178.85000610351562,330.1099853515625,183.1300048828125,331.1099853515625,177.35000610351562,327.5199890136719,182.1300048828125,328.3699951171875,97576100,17741500
2023-08-08,177.6436309814453,320.5307312011719,179.8000030517578,326.04998779296875,180.27000427246094,328.75,177.5800018310547,323.0,179.69000244140625,326.9599914550781,67823000,22327600
2023-08-09,176.05294799804688,316.7754211425781,178.19000244140625,322.2300109863281,180.92999267578125,327.1099853515625,177.00999450683594,321.04998779296875,180.8699951171875,326.4700012207031,60378500,22373300
2023-08-10,175.8355712890625,317.46356201171875,177.97000122070312,322.92999267578125,180.75,328.260009765625,177.60000610351562,321.17999267578125,179.47999572753906,326.0199890136719,54686900,20113700
2023-08-11,175.89492797851562,315.5760192871094,177.7899932861328,321.010009765625,178.6199951171875,322.4100036621094,176.5500030517578,319.2099914550781,177.32000732421875,320.260009765625,52036700,24355500
2023-08-14,177.54713439941406,318.5547790527344,179.4600067138672,324.0400085449219,179.69000244140625,324.05999755859375,177.30999755859375,320.0799865722656,177.97000122070312,321.3900146484375,43675600,18836100
2023-08-15,175.55856323242188,316.41168212890625,177.4499969482422,321.8599853515625,179.47999572753906,325.0899963378906,177.0500030517578,320.8999938964844,178.8800048828125,323.0,43622600,16966300
2023-08-16,174.68792724609375,315.6432800292969,176.57000732421875,320.3999938964844,178.5399932861328,324.4200134277344,176.5,319.79998779296875,177.1300048828125,320.79998779296875,46964900,20698900
2023-08-17,172.1453399658203,312.175537109375,174.0,316.8800048828125,177.50999450683594,321.8699951171875,173.47999572753906,316.2099914550781,177.13999938964844,320.5400085449219,66062900,21257200
2023-08-18,172.63011169433594,311.7814636230469,174.49000549316406,316.4800109863281,175.10000610351562,318.3800048828125,171.9600067138672,311.54998779296875,172.3000030517578,314.489990234375,61172200,24755000
2023-08-21,173.96571350097656,317.1012878417969,175.83999633789062,321.8800048828125,176.1300048828125,322.7699890136719,173.74000549316406,317.0400085449219,175.07000732421875,317.92999267578125,46311900,24040000
2023-08-22,175.34091186523438,317.6726379394531,177.22999572753906,322.4599914550781,177.67999267578125,326.0799865722656,176.25,321.4599914550781,177.05999755859375,325.5,42038900,16084600
2023-08-23,179.18942260742188,322.1452941894531,181.1199951171875,327.0,181.5500030517578,329.20001220703125,178.3300018310547,323.4599914550781,178.52000427246094,323.82000732421875,52722800,21166400
2023-08-24,174.49996948242188,315.2196350097656,176.3800048828125,319.9700012207031,181.10000610351562,332.9800109863281,176.00999450683594,319.9599914550781,180.6699981689453,332.8500061035156,54945800,23281400
2023-08-25,176.70619201660156,318.18499755859375,178.61000061035156,322.9800109863281,179.14999389648438,325.3599853515625,175.82000732421875,318.79998779296875,177.3800048828125,321.4700012207031,51449600,21684100
2023-08-28,178.26937866210938,318.8943176269531,180.19000244140625,323.70001220703125,180.58999633789062,326.1499938964844,178.5500030517578,321.7200012207031,180.08999633789062,325.6600036621094,43820700,14808500
2023-08-29,182.15744018554688,323.53436279296875,184.1199951171875,328.4100036621094,184.89999389648438,328.9800109863281,179.5,321.8800048828125,179.6999969482422,321.8800048828125,53003900,19284600
2023-08-30,185.6498565673828,323.9087219238281,187.64999389648438,328.7900085449219,187.85000610351562,329.80999755859375,184.74000549316406,326.45001220703125,184.94000244140625,328.6700134277344,60813900,15222100
2023-08-31,185.8674774169922,322.8940734863281,187.8699951171875,327.760009765625,189.1199951171875,330.9100036621094,187.47999572753906,326.7799987792969,187.83999633789062,329.20001220703125,60794500,26411000
2023-09-01,187.4405517578125,323.7806701660156,189.4600067138672,328.6600036621094,189.9199981689453,331.989990234375,188.27999877929688,326.7799987792969,189.49000549316406,331.30999755859375,45766500,14942000
2023-09-05,187.67799377441406,328.5979919433594,189.6999969482422,333.54998779296875,189.97999572753906,334.8500061035156,187.61000061035156,328.6600036621094,188.27999877929688,329.0,45280000,18553900
2023-09-06,180.96035766601562,327.9380187988281,182.91000366210938,332.8800048828125,188.85000610351562,334.4599914550781,181.47000122070312,330.17999267578125,188.39999389648438,333.3800048828125,81755800,17535800
2023-09-07,175.66737365722656,325.0120544433594,177.55999755859375,329.9100036621094,178.2100067138672,333.0799865722656,173.5399932861328,329.0299987792969,175.17999267578125,331.2900085449219,112488800,18381000
2023-09-08,176.28077697753906,329.307373046875,178.17999267578125,334.2699890136719,180.24000549316406,336.1600036621094,177.7899932861328,329.4599914550781,178.35000610351562,330.0899963378906,65551300,19530100
2023-09-11,177.44818115234375,332.9228515625,179.36000061035156,337.94000244140625,180.3000030517578,338.4200134277344,177.33999633789062,335.42999267578125,180.07000732421875,337.239990234375,58953100,16583300
2023-09-12,174.4208221435547,326.844482421875,176.3000030517578,331.7699890136719,180.1300048828125,336.7900085449219,174.82000732421875,331.4800109863281,179.49000549316406,335.82000732421875,90370200,17565500
2023-09-13,172.35311889648438,331.07073974609375,174.2100067138672,336.05999755859375,177.3000030517578,336.8500061035156,173.97999572753906,331.1700134277344,176.50999450683594,331.30999755859375,84267900,16544400
2023-09-14,173.86680603027344,333.67156982421875,175.74000549316406,338.70001220703125,176.10000610351562,340.8599853515625,173.5800018310547,336.57000732421875,174.0,339.1499938964844,60895800,20267000
2023-09-15,173.14456176757812,325.3175354003906,175.00999450683594,330.2200012207031,176.5,337.3999938964844,173.82000732421875,329.6499938964844,176.47999572753906,336.9200134277344,109259500,37679800
2023-09-18,176.07301330566406,324.1747131347656,177.97000122070312,329.05999755859375,179.3800048828125,330.3999938964844,176.1699981689453,326.3599853515625,176.47999572753906,327.79998779296875,67257600,16834200
2023-09-19,177.1613006591797,323.7707824707031,179.07000732421875,328.6499938964844,179.6300048828125,329.3900146484375,177.1300048828125,324.510009765625,177.52000427246094,326.1700134277344,51826900,16505900
2023-09-20,173.61947631835938,316.0078125,175.49000549316406,320.7699890136719,179.6999969482422,329.5899963378906,175.39999389648438,320.510009765625,179.25999450683594,329.510009765625,58436200,21436500
2023-09-21,172.07608032226562,314.7861633300781,173.92999267578125,319.5299987792969,176.3000030517578,325.3500061035156,173.86000061035156,315.0,174.5500030517578,319.260009765625,63149100,35560400
2023-09-22,172.9269256591797,312.3036193847656,174.7899932861328,317.010009765625,177.0800018310547,321.45001220703125,174.0500030517578,316.1499938964844,174.6699981689453,321.32000732421875,56725400,21447900
2023-09-25,174.2031707763672,312.82574462890625,176.0800018310547,317.5400085449219,176.97000122070312,317.6700134277344,174.14999389648438,315.0,174.1999969482422,316.5899963378906,46172700,17836000
2023-09-26,170.12709045410156,307.5058898925781,171.9600067138672,312.1400146484375,175.1999969482422,315.8800048828125,171.66000366210938,310.0199890136719,174.82000732421875,315.1300048828125,64588900,26297600
2023-09-27,168.61337280273438,308.146240234375,170.42999267578125,312.7900085449219,173.0399932861328,314.29998779296875,169.0500030517578,309.69000244140625,172.6199951171875,312.29998779296875,66921800,19410100
2023-09-28,168.87060546875,308.9836120605469,170.69000244140625,313.6400146484375,172.02999877929688,315.4800109863281,167.6199951171875,309.45001220703125,169.33999633789062,310.989990234375,56294400,19683600
2023-09-29,169.38507080078125,311.06231689453125,171.2100067138672,315.75,173.07000732421875,319.4700012207031,170.33999633789062,314.9800109863281,172.02000427246094,317.75,51861100,24147300
2023-10-02,171.8979949951172,317.0224609375,173.75,321.79998779296875,174.3000030517578,321.8900146484375,170.92999267578125,315.17999267578125,171.22000122070312,316.2799987792969,52164500,20570000
2023-10-03,170.5623779296875,308.7373962402344,172.39999389648438,313.3900146484375,173.6300048828125,321.3900146484375,170.82000732421875,311.2099914550781,172.25999450683594,320.8299865722656,49594600,21033500
2023-10-04,171.80897521972656,314.2246398925781,173.66000366210938,318.9599914550781,174.2100067138672,320.0400085449219,170.97000122070312,314.0,171.08999633789062,314.0299987792969,53020300,20720100
2023-10-05,173.04563903808594,314.61865234375,174.91000366210938,319.3599853515625,175.4499969482422,319.9800109863281,172.67999267578125,314.8999938964844,173.7899932861328,319.0899963378906,48527900,16965600
2023-10-06,175.59814453125,322.4013977050781,177.49000549316406,327.260009765625,177.99000549316406,329.19000244140625,173.17999267578125,316.29998779296875,173.8000030517578,316.54998779296875,57266700,25673600
2023-10-09,177.08213806152344,324.9234313964844,178.99000549316406,329.82000732421875,179.0500030517578,330.29998779296875,175.8000030517578,323.17999267578125,176.80999755859375,324.75,42390800,19891200
2023-10-10,176.48854064941406,323.51470947265625,178.38999938964844,328.3900146484375,179.72000122070312,331.1000061035156,177.9499969482422,327.6700134277344,178.10000610351562,330.9599914550781,43698000,20557100
2023-10-11,177.88352966308594,327.4848327636719,179.8000030517578,332.4200134277344,179.85000610351562,332.82000732421875,177.60000610351562,329.1400146484375,178.1999969482422,331.2099914550781,47551100,20063200
2023-10-12,178.7838134765625,326.2434997558594,180.7100067138672,331.1600036621094,182.33999633789062,333.6300048828125,179.0399932861328,328.7200012207031,180.07000732421875,330.57000732421875,56743100,19313100
2023-10-13,176.94363403320312,322.8644714355469,178.85000610351562,327.7300109863281,181.92999267578125,333.8299865722656,178.13999938964844,326.3599853515625,181.4199981689453,332.3800048828125,51427100,21072400
2023-10-16,176.8150177001953,327.70159912109375,178.72000122070312,332.6400146484375,179.0800018310547,336.1400146484375,176.50999450683594,330.6000061035156,176.75,331.04998779296875,52517000,22158000
2023-10-17,175.26173400878906,327.13018798828125,177.14999389648438,332.05999755859375,178.4199981689453,333.4599914550781,174.8000030517578,327.4100036621094,176.64999389648438,329.5899963378906,57549400,18338500
2023-10-18,173.96571350097656,325.20904541015625,175.83999633789062,330.1099853515625,177.5800018310547,335.5899963378906,175.11000061035156,328.29998779296875,175.5800018310547,332.489990234375,54764400,23153600
2023-10-19,173.5897674560547,326.40118408203125,175.4600067138672,331.32000732421875,177.83999633789062,336.8800048828125,175.19000244140625,330.9100036621094,176.0399932861328,332.1499938964844,59302900,25052100
2023-10-20,171.03729248046875,321.8202209472656,172.8800048828125,326.6700134277344,175.4199981689453,331.9200134277344,172.63999938964844,325.45001220703125,175.30999755859375,331.7200012207031,64244000,25027700
2023-10-23,171.15597534179688,324.43084716796875,173.0,329.32000732421875,174.00999450683594,332.7300109863281,169.92999267578125,324.3900146484375,170.91000366210938,325.4700012207031,55980100,24374700
2023-10-24,171.59129333496094,325.62286376953125,173.44000244140625,330.5299987792969,173.6699981689453,331.8399963378906,171.4499969482422,327.6000061035156,173.0500030517578,331.29998779296875,43816600,31153600
2023-10-25,169.2762451171875,335.6123962402344,171.10000610351562,340.6700134277344,173.05999755859375,346.20001220703125,170.64999389648438,337.6199951171875,171.8800048828125,345.0199890136719,57157000,55053800
2023-10-26,165.11114501953125,323.0220642089844,166.88999938964844,327.8900146484375,171.3800048828125,341.6300048828125,165.6699981689453,326.94000244140625,170.3699951171875,340.5400085449219,70625300,37828500
2023-10-27,166.4269256591797,324.91357421875,168.22000122070312,329.80999755859375,168.9600067138672,336.7200012207031,166.8300018310547,328.3999938964844,166.91000366210938,330.42999267578125,58499100,29856500
2023-10-30,168.4748992919922,332.3022155761719,170.2899932861328,337.30999755859375,171.1699981689453,339.45001220703125,168.8699951171875,331.8299865722656,169.02000427246094,333.4100036621094,51131000,22828100
2023-10-31,168.94976806640625,333.09033203125,170.77000427246094,338.1099853515625,170.89999389648438,339.0,167.89999389648438,334.69000244140625,169.35000610351562,338.8500061035156,44846000,20265300
2023-11-01,172.1156463623047,340.93218994140625,173.97000122070312,346.07000732421875,174.22999572753906,347.4200134277344,170.1199951171875,339.6499938964844,171.0,339.7900085449219,56934900,28158800
2023-11-02,175.6772918701172,343.14874267578125,177.57000732421875,348.32000732421875,177.77999877929688,348.8299865722656,175.4600067138672,344.7699890136719,175.52000427246094,347.239990234375,77334800,24348100
2023-11-03,174.76705932617188,347.562255859375,176.64999389648438,352.79998779296875,176.82000732421875,354.3900146484375,173.35000610351562,347.3299865722656,174.24000549316406,349.6300048828125,79829200,23637700
2023-11-06,177.31959533691406,351.23687744140625,179.22999572753906,356.5299987792969,179.42999267578125,357.5400085449219,176.2100067138672,353.3500061035156,176.3800048828125,353.45001220703125,63841300,23828300
2023-11-07,179.88197326660156,355.1775207519531,181.82000732421875,360.5299987792969,182.44000244140625,362.4599914550781,178.97000122070312,357.6300048828125,179.17999267578125,359.3999938964844,70530000,25833900
2023-11-08,180.94056701660156,357.807861328125,182.88999938964844,363.20001220703125,183.4499969482422,363.8699951171875,181.58999633789062,360.54998779296875,182.35000610351562,361.67999267578125,49340300,26767800
2023-11-09,180.46571350097656,355.3351135253906,182.41000366210938,360.69000244140625,184.1199951171875,364.7900085449219,181.80999755859375,360.3599853515625,182.9600067138672,362.29998779296875,53763500,24847300
2023-11-10,184.65611267089844,364.18182373046875,186.39999389648438,369.6700134277344,186.57000732421875,370.1000061035156,183.52999877929688,361.07000732421875,183.97000122070312,361.489990234375,66133400,28042100
2023-11-13,183.07110595703125,361.2362060546875,184.8000030517578,366.67999267578125,186.02999877929688,368.4700012207031,184.2100067138672,365.8999938964844,185.82000732421875,368.2200012207031,43627500,19986500
2023-11-14,185.68638610839844,364.7728576660156,187.44000244140625,370.2699890136719,188.11000061035156,371.95001220703125,186.3000030517578,367.3500061035156,187.6999969482422,371.010009765625,60108400,27683900
2023-11-15,186.2510528564453,364.92095947265625,188.00999450683594,369.6700134277344,189.5,373.1300048828125,187.77999877929688,367.1099853515625,187.85000610351562,371.2799987792969,53790500,26860100
2023-11-16,187.93515014648438,371.3374938964844,189.7100067138672,376.1700134277344,190.9600067138672,376.3500061035156,188.64999389648438,370.17999267578125,189.57000732421875,370.9599914550781,54412900,27182300
2023-11-17,187.91534423828125,365.09869384765625,189.69000244140625,369.8500061035156,190.3800048828125,374.3699951171875,188.57000732421875,367.0,190.25,373.6099853515625,50922700,40157000
2023-11-20,189.6588592529297,372.59112548828125,191.4499969482422,377.44000244140625,191.91000366210938,378.8699951171875,189.8800048828125,371.0,189.88999938964844,371.2200012207031,46505100,52465100
2023-11-21,188.85646057128906,368.2773132324219,190.63999938964844,373.07000732421875,191.52000427246094,376.2200012207031,189.74000549316406,371.1199951171875,191.41000366210938,375.6700134277344,38134500,28423100
2023-11-22,189.52020263671875,372.99591064453125,191.30999755859375,377.8500061035156,192.92999267578125,379.7900085449219,190.8300018310547,374.9700012207031,191.49000549316406,378.0,39617700,23345300
2023-11-24,188.19271850585938,372.5812683105469,189.97000122070312,377.42999267578125,190.89999389648438,377.9700012207031,189.25,375.1400146484375,190.8699951171875,377.3299865722656,24048300,10176600
2023-11-27,188.014404296875,373.7461242675781,189.7899932861328,378.6099853515625,190.6699981689453,380.6400146484375,188.89999389648438,376.20001220703125,189.9199981689453,376.7799987792969,40552600,22179200
2023-11-28,188.6186981201172,377.7835693359375,190.39999389648438,382.70001220703125,191.0800018310547,383.0,189.39999389648438,378.1600036621094,189.77999877929688,378.3500061035156,38415400,20453100
2023-11-29,187.5983428955078,373.9830627441406,189.3699951171875,378.8500061035156,192.08999633789062,384.29998779296875,188.97000122070312,377.44000244140625,190.89999389648438,383.760009765625,43014200,28963400
2023-11-30,188.17291259765625,374.04229736328125,189.9499969482422,378.9100036621094,190.32000732421875,380.0899963378906,188.19000244140625,375.4700012207031,189.83999633789062,378.489990234375,48794400,30554400
2023-12-01,189.45083618164062,369.6988220214844,191.24000549316406,374.510009765625,191.55999755859375,378.1600036621094,189.22999572753906,371.30999755859375,190.3300018310547,376.760009765625,45704800,33040500
2023-12-04,187.65774536132812,364.3977966308594,189.42999267578125,369.1400146484375,190.0500030517578,369.5199890136719,187.4499969482422,362.8999938964844,189.97999572753906,369.1000061035156,43389500,32063300
2023-12-05,191.6104278564453,367.7343444824219,193.4199981689453,372.5199890136719,194.39999389648438,373.0799865722656,190.17999267578125,365.6199951171875,190.2100067138672,366.45001220703125,66628400,23065000
2023-12-06,190.520751953125,364.0621337890625,192.32000732421875,368.79998779296875,194.75999450683594,374.17999267578125,192.11000061035156,368.0299987792969,194.4499969482422,373.5400085449219,41089700,21182100
2023-12-07,192.45249938964844,366.1845397949219,194.27000427246094,370.95001220703125,195.0,371.45001220703125,193.58999633789062,366.32000732421875,193.6300048828125,368.2300109863281,47477700,23118900
2023-12-08,193.8790283203125,369.42242431640625,195.7100067138672,374.2300109863281,195.99000549316406,374.4599914550781,193.6699981689453,368.2300109863281,194.1999969482422,369.20001220703125,53406400,20154400
2023-12-11,191.37266540527344,366.5299987792969,193.17999267578125,371.29998779296875,193.49000549316406,371.6000061035156,191.4199981689453,366.1000061035156,193.11000061035156,368.4800109863281,60943700,27708800
2023-12-12,192.88836669921875,369.57049560546875,194.7100067138672,374.3800048828125,194.72000122070312,374.4200134277344,191.72000122070312,370.4599914550781,193.0800018310547,370.8500061035156,52696900,24838300
2023-12-13,196.10797119140625,369.560546875,197.9600067138672,374.3699951171875,198.0,377.6400146484375,194.85000610351562,370.7699890136719,195.08999633789062,376.0199890136719,70404200,30955500
2023-12-14,196.25657653808594,361.2290344238281,198.11000061035156,365.92999267578125,199.6199951171875,373.760009765625,196.16000366210938,364.1300048828125,198.02000427246094,373.30999755859375,66831600,43277500
2023-12-15,195.7216339111328,365.96734619140625,197.57000732421875,370.7300109863281,198.39999389648438,372.3999938964844,197.0,366.2799987792969,197.52999877929688,366.8500061035156,128538400,78502300
2023-12-18,194.05735778808594,367.8626708984375,195.88999938964844,372.6499938964844,196.6300048828125,373.0,194.38999938964844,368.67999267578125,196.08999633789062,369.45001220703125,55751900,21802900
2023-12-19,195.09750366210938,368.4648132324219,196.94000244140625,373.260009765625,196.9499969482422,373.260009765625,195.88999938964844,369.8399963378906,196.16000366210938,371.489990234375,40714100,20603700
2023-12-20,193.00726318359375,365.8587341308594,194.8300018310547,370.6199951171875,197.67999267578125,376.0299987792969,194.8300018310547,370.5299987792969,196.89999389648438,375.0,52242800,26316700
2023-12-21,192.85867309570312,368.7412414550781,194.67999267578125,373.5400085449219,197.0800018310547,374.4100036621094,193.5,370.0400085449219,196.10000610351562,372.55999755859375,46482500,17708000
2023-12-22,191.7887725830078,369.7679138183594,193.60000610351562,374.5799865722656,195.41000366210938,375.17999267578125,192.97000122070312,372.7099914550781,195.17999267578125,373.67999267578125,37149600,17107500
2023-12-26,191.24388122558594,369.84686279296875,193.0500030517578,374.6600036621094,193.88999938964844,376.94000244140625,192.8300018310547,373.5,193.61000061035156,375.0,28919300,12673100
2023-12-27,191.3429718017578,369.2644348144531,193.14999389648438,374.07000732421875,193.5,375.05999755859375,191.08999633789062,372.80999755859375,192.49000549316406,373.69000244140625,48087700,14905400
2023-12-28,191.76893615722656,370.45892333984375,193.5800018310547,375.2799987792969,194.66000366210938,376.4599914550781,193.1699981689453,374.1600036621094,194.13999938964844,375.3699951171875,34049900,14327000
2023-12-29,190.72877502441406,371.2091064453125,192.52999877929688,376.0400085449219,194.39999389648438,377.1600036621094,191.72999572753906,373.4800109863281,193.89999389648438,376.0,42672100,18730800
2024-01-02,183.90322875976562,366.10552978515625,185.63999938964844,370.8699951171875,188.44000244140625,375.8999938964844,183.88999938964844,366.7699890136719,187.14999389648438,373.8599853515625,82488700,25258600
2024-01-03,182.5262451171875,365.8390197753906,184.25,370.6000061035156,185.8800048828125,373.260009765625,183.42999267578125,368.510009765625,184.22000122070312,369.010009765625,58414500,23083500
2024-01-04,180.2081298828125,363.2131652832031,181.91000366210938,367.94000244140625,183.08999633789062,373.1000061035156,180.8800048828125,367.1700134277344,182.14999389648438,370.6700134277344,71983600,20901500
2024-01-05,179.4849395751953,363.02557373046875,181.17999267578125,367.75,182.75999450683594,372.05999755859375,180.1699981689453,366.5,181.99000549316406,368.9700012207031,62379700,21004600
2024-01-08,183.82398986816406,369.87646484375,185.55999755859375,374.69000244140625,185.60000610351562,375.20001220703125,181.5,369.010009765625,182.08999633789062,369.29998779296875,59144500,23134000
2024-01-09,183.40792846679688,370.96234130859375,185.13999938964844,375.7900085449219,185.14999389648438,375.989990234375,182.72999572753906,371.19000244140625,183.9199981689453,372.010009765625,42841800,20830000
2024-01-10,184.44808959960938,377.8526306152344,186.19000244140625,382.7699890136719,186.39999389648438,384.1700134277344,183.9199981689453,376.32000732421875,184.35000610351562,376.3699951171875,46792900,25514200
2024-01-11,183.85366821289062,379.68878173828125,185.58999633789062,384.6300048828125,187.0500030517578,390.67999267578125,183.6199951171875,380.3800048828125,186.5399932861328,386.0,49128400,27850800
2024-01-12,184.1806182861328,383.4794616699219,185.9199981689453,388.4700012207031,186.74000549316406,388.67999267578125,185.19000244140625,384.6499938964844,186.05999755859375,385.489990234375,40477800,21661200
2024-01-16,181.9120330810547,385.25628662109375,183.6300048828125,390.2699890136719,184.25999450683594,394.0299987792969,180.92999267578125,387.6199951171875,182.16000366210938,393.6600036621094,65603000,27202300
2024-01-17,180.9709014892578,384.4666442871094,182.67999267578125,389.4700012207031,182.92999267578125,390.1099853515625,180.3000030517578,384.80999755859375,181.27000427246094,387.9800109863281,47317400,22234100
2024-01-18,186.86526489257812,388.8100280761719,188.6300048828125,393.8699951171875,189.13999938964844,393.989990234375,185.8300018310547,390.1199951171875,186.08999633789062,391.7200012207031,78005800,23392100
2024-01-19,189.767822265625,393.54840087890625,191.55999755859375,398.6700134277344,191.9499969482422,398.6700134277344,188.82000732421875,393.5,189.3300018310547,395.760009765625,68903000,29331100
2024-01-22,192.07603454589844,391.4161682128906,193.88999938964844,396.510009765625,195.3300018310547,400.6199951171875,192.25999450683594,393.5899963378906,192.3000030517578,400.0199890136719,60133900,27016900
2024-01-23,193.35397338867188,393.77545166015625,195.17999267578125,398.8999938964844,195.75,399.3800048828125,193.8300018310547,393.92999267578125,195.02000427246094,395.75,42355600,20525900
2024-01-24,192.68035888671875,397.388427734375,194.5,402.55999755859375,196.3800048828125,405.6300048828125,194.33999633789062,400.45001220703125,195.4199981689453,401.5400085449219,53631300,24867000
2024-01-25,192.35342407226562,399.6687316894531,194.1699981689453,404.8699951171875,196.27000427246094,407.010009765625,193.11000061035156,402.5299987792969,195.22000122070312,404.32000732421875,54822100,21021200
2024-01-26,190.61978149414062,398.7408142089844,192.4199981689453,403.92999267578125,194.75999450683594,406.1700134277344,191.94000244140625,402.42999267578125,194.27000427246094,404.3699951171875,44594000,17803300
2024-01-29,189.9362335205078,404.4564208984375,191.72999572753906,409.7200012207031,192.1999969482422,409.9800109863281,189.5800018310547,404.3299865722656,192.00999450683594,406.05999755859375,47145600,24510200
2024-01-30,186.28076171875,403.3409118652344,188.0399932861328,408.5899963378906,191.8000030517578,413.04998779296875,187.47000122070312,406.45001220703125,190.94000244140625,412.260009765625,55859400,33477600
2024-01-31,182.67481994628906,392.4724426269531,184.39999389648438,397.5799865722656,187.10000610351562,415.32000732421875,184.35000610351562,397.2099914550781,187.0399932861328,406.9599914550781,55467800,47871100
2024-02-01,185.11178588867188,398.5927734375,186.86000061035156,403.7799987792969,186.9499969482422,408.0,183.82000732421875,401.79998779296875,183.99000549316406,401.8299865722656,64885400,30657700
2024-02-02,184.11126708984375,405.9371643066406,185.85000610351562,411.2200012207031,187.3300018310547,412.6499938964844,179.25,403.55999755859375,179.86000061035156,403.80999755859375,102551700,28256700
2024-02-05,185.92413330078125,400.438720703125,187.67999267578125,405.6499938964844,189.25,411.1600036621094,185.83999633789062,403.989990234375,188.14999389648438,409.8999938964844,69668800,25352300
2024-02-06,187.5290069580078,400.2807922363281,189.3000030517578,405.489990234375,189.30999755859375,407.9700012207031,186.77000427246094,402.9100036621094,186.86000061035156,405.8800048828125,43490800,18382600
2024-02-07,187.63796997070312,408.7308349609375,189.41000366210938,414.04998779296875,191.0500030517578,414.29998779296875,188.61000061035156,407.3999938964844,190.63999938964844,407.44000244140625,53439000,22340500
2024-02-08,186.55816650390625,408.7900695800781,188.32000732421875,414.1099853515625,189.5399932861328,415.55999755859375,187.35000610351562,412.5299987792969,189.38999938964844,414.04998779296875,40962000,21225300
2024-02-09,187.32192993164062,415.1473083496094,188.85000610351562,420.54998779296875,189.99000549316406,420.82000732421875,188.0,415.0899963378906,188.64999389648438,415.25,45155200,22032800
2024-02-12,185.6356658935547,409.9252624511719,187.14999389648438,415.260009765625,188.6699981689453,420.739990234375,186.7899932861328,414.75,188.4199981689453,420.55999755859375,41781900,21202900
2024-02-13,183.54273986816406,401.10015869140625,185.0399932861328,406.32000732421875,186.2100067138672,410.07000732421875,183.50999450683594,403.3900146484375,185.77000427246094,404.94000244140625,56529500,27824900
2024-02-14,182.65994262695312,404.9769287109375,184.14999389648438,409.489990234375,185.52999877929688,409.8399963378906,182.44000244140625,404.57000732421875,185.32000732421875,408.07000732421875,54630500,20401200
2024-02-15,182.37228393554688,402.0792236328125,183.86000061035156,406.55999755859375,184.49000549316406,409.1300048828125,181.35000610351562,404.2900085449219,183.5500030517578,408.1400146484375,65434500,21825500
2024-02-16,180.8348388671875,399.60675048828125,182.30999755859375,404.05999755859375,184.85000610351562,408.2900085449219,181.6699981689453,403.44000244140625,183.4199981689453,407.9599914550781,49752500,22296500
2024-02-20,180.09091186523438,398.35076904296875,181.55999755859375,402.7900085449219,182.42999267578125,404.489990234375,180.0,398.010009765625,181.7899932861328,403.239990234375,53665600,24307900
2024-02-21,180.8447723388672,397.74749755859375,182.32000732421875,402.17999267578125,182.88999938964844,402.2900085449219,180.66000366210938,397.2200012207031,181.94000244140625,400.1700134277344,41371400,18518900
2024-02-22,182.878173828125,407.1130676269531,184.3699951171875,411.6499938964844,184.9600067138672,412.8299865722656,182.4600067138672,408.57000732421875,183.47999572753906,410.19000244140625,52292200,27009900
2024-02-23,181.04315185546875,405.8175354003906,182.52000427246094,410.3399963378906,185.0399932861328,415.8599853515625,182.22999572753906,408.9700012207031,185.00999450683594,415.6700134277344,45119700,16295900
2024-02-26,179.69415283203125,403.0484619140625,181.16000366210938,407.5400085449219,182.75999450683594,412.1600036621094,180.64999389648438,407.3599853515625,182.24000549316406,411.4599914550781,40867400,16193500
2024-02-27,181.1522674560547,402.9890441894531,182.6300048828125,407.4800109863281,183.9199981689453,408.32000732421875,179.55999755859375,403.8500061035156,181.10000610351562,407.989990234375,54318900,14835800
2024-02-28,179.95205688476562,403.2264404296875,181.4199981689453,407.7200012207031,183.1199951171875,409.29998779296875,180.1300048828125,405.32000732421875,182.50999450683594,408.17999267578125,48953900,13183100
2024-02-29,179.28744506835938,409.0811767578125,180.75,413.6400146484375,182.57000732421875,414.20001220703125,179.52999877929688,405.9200134277344,181.27000427246094,408.6400146484375,136682600,31947300
2024-03-01,178.20631408691406,410.9206848144531,179.66000366210938,415.5,180.52999877929688,415.8699951171875,177.3800048828125,410.8800048828125,179.5500030517578,411.2699890136719,73563100,17823400
2024-03-04,173.6831817626953,410.3471374511719,175.10000610351562,414.9200134277344,176.89999389648438,417.3500061035156,173.7899932861328,412.32000732421875,176.14999389648438,413.44000244140625,81510100,17596000
2024-03-05,168.74346923828125,398.2123107910156,170.1199951171875,402.6499938964844,172.0399932861328,414.25,169.6199951171875,400.6400146484375,170.75999450683594,413.9599914550781,95132400,26919200
2024-03-06,167.7515411376953,397.6584777832031,169.1199951171875,402.0899963378906,171.24000549316406,405.1600036621094,168.67999267578125,398.3900146484375,171.05999755859375,402.9700012207031,68587700,22344100
2024-03-07,167.63255310058594,404.6308288574219,169.0,409.1400146484375,170.72999572753906,409.7799987792969,168.49000549316406,402.239990234375,169.14999389648438,406.1199951171875,71765100,18718500
2024-03-08,169.34854125976562,401.74298095703125,170.72999572753906,406.2200012207031,173.6999969482422,410.4200134277344,168.94000244140625,404.3299865722656,169.0,407.9599914550781,76267000,18002200
2024-03-11,171.35220336914062,400.0616760253906,172.75,404.5199890136719,174.3800048828125,405.67999267578125,172.0500030517578,401.260009765625,172.94000244140625,403.760009765625,60139500,16120800
2024-03-12,171.8282928466797,410.7030944824219,173.22999572753906,415.2799987792969,174.02999877929688,415.57000732421875,171.00999450683594,406.7900085449219,173.14999389648438,407.6199951171875,59825400,22457000
2024-03-13,169.74530029296875,410.5251159667969,171.1300048828125,415.1000061035156,173.19000244140625,418.17999267578125,170.75999450683594,411.45001220703125,172.77000427246094,418.1000061035156,52488700,17115900
2024-03-14,171.6001739501953,420.5335998535156,173.0,425.2200012207031,174.30999755859375,427.82000732421875,172.0500030517578,417.989990234375,172.91000366210938,420.239990234375,72913500,34157300
2024-03-15,171.22323608398438,411.83056640625,172.6199951171875,416.4200134277344,172.6199951171875,422.6000061035156,170.2899932861328,412.7900085449219,171.1699981689453,419.2900085449219,121752700,45079900
2024-03-18,172.3143310546875,412.72064208984375,173.72000122070312,417.32000732421875,177.7100067138672,420.7300109863281,173.52000427246094,413.7799987792969,175.57000732421875,414.25,75604200,20106000
2024-03-19,174.65524291992188,416.7655944824219,176.0800018310547,421.4100036621094,176.61000061035156,421.6700134277344,173.02999877929688,415.54998779296875,174.33999633789062,417.8299865722656,55215200,19837900
2024-03-20,177.22427368164062,420.54345703125,178.6699981689453,425.2300109863281,178.6699981689453,425.9599914550781,175.08999633789062,420.6600036621094,175.72000122070312,422.0,53423100,17860100
2024-03-21,169.9833526611328,424.6378173828125,171.3699951171875,429.3699951171875,177.49000549316406,430.82000732421875,170.83999633789062,427.1600036621094,177.0500030517578,429.8299865722656,106181300,21296200
2024-03-22,170.88601684570312,424.0147399902344,172.27999877929688,428.739990234375,173.0500030517578,429.8599853515625,170.05999755859375,426.07000732421875,171.75999450683594,429.70001220703125,71160100,17648500
2024-03-25,169.46759033203125,418.1995544433594,170.85000610351562,422.8599853515625,171.94000244140625,427.4100036621094,169.4499969482422,421.6099853515625,170.57000732421875,425.239990234375,54288300,18060500
2024-03-26,168.33680725097656,417.0028991699219,169.7100067138672,421.6499938964844,171.4199981689453,425.989990234375,169.5800018310547,421.3500061035156,170.0,425.6099853515625,57388400,16725600
2024-03-27,171.90765380859375,416.7852783203125,173.30999755859375,421.42999267578125,173.60000610351562,424.45001220703125,170.11000061035156,419.010009765625,170.41000366210938,424.44000244140625,60273300,16705000
2024-03-28,170.0924530029297,416.08319091796875,171.47999572753906,420.7200012207031,172.22999572753906,421.8699951171875,170.50999450683594,419.1199951171875,171.75,420.9599914550781,65672700,21871200
2024-04-01,168.6542205810547,419.8907165527344,170.02999877929688,424.57000732421875,171.25,427.8900146484375,169.47999572753906,422.2200012207031,171.19000244140625,423.95001220703125,46240500,16316000
2024-04-02,167.47381591796875,416.7952575683594,168.83999633789062,421.44000244140625,169.33999633789062,422.3800048828125,168.22999572753906,417.8399963378906,169.0800018310547,420.1099853515625,49329500,17912000
2024-04-03,168.27725219726562,415.8161315917969,169.64999389648438,420.45001220703125,170.67999267578125,423.260009765625,168.5800018310547,419.0899963378906,168.7899932861328,419.7300109863281,47691700,16502300
2024-04-04,167.4540252685547,413.2744445800781,168.82000732421875,417.8800048828125,171.9199981689453,428.6700134277344,168.82000732421875,417.57000732421875,170.2899932861328,424.989990234375,53704400,19370900
2024-04-05,168.2078399658203,420.83026123046875,169.5800018310547,425.5199890136719,170.38999938964844,426.510009765625,168.9499969482422,418.32000732421875,169.58999633789062,420.010009765625,42104800,16554800
2024-04-08,167.08697509765625,419.9104919433594,168.4499969482422,424.5899963378906,169.1999969482422,427.2799987792969,168.24000549316406,423.29998779296875,169.02999877929688,425.1700134277344,37425500,14272400
2024-04-09,168.297119140625,421.5818786621094,169.6699981689453,426.2799987792969,170.0800018310547,427.739990234375,168.35000610351562,421.6199951171875,168.6999969482422,426.44000244140625,42373800,12496900
2024-04-10,166.42242431640625,418.5951843261719,167.77999877929688,423.260009765625,169.08999633789062,424.0299987792969,167.11000061035156,419.70001220703125,168.8000030517578,422.19000244140625,49709300,16216600
2024-04-11,173.6236572265625,423.2137145996094,175.0399932861328,427.92999267578125,175.4600067138672,429.3699951171875,168.16000366210938,422.3599853515625,168.33999633789062,425.82000732421875,91070300,17966400
2024-04-12,175.1214599609375,417.2501525878906,176.5500030517578,421.8999938964844,178.36000061035156,425.17999267578125,174.2100067138672,419.7699890136719,174.25999450683594,424.04998779296875,101670900,19253800
2024-04-15,171.29266357421875,409.0811767578125,172.69000244140625,413.6400146484375,176.6300048828125,426.82000732421875,172.5,413.42999267578125,175.36000061035156,426.6000061035156,73531800,20273500
2024-04-16,168.00946044921875,410.0108337402344,169.3800048828125,414.5799865722656,173.75999450683594,418.3999938964844,168.27000427246094,413.7300109863281,171.75,414.57000732421875,73711200,16765600
2024-04-17,166.64060974121094,407.301025390625,168.0,411.8399963378906,170.64999389648438,418.8800048828125,168.0,410.3299865722656,169.61000061035156,417.25,50901200,15855500
2024-04-18,165.6884002685547,399.814453125,167.0399932861328,404.2699890136719,168.63999938964844,411.8900146484375,166.5500030517578,403.95001220703125,168.02999877929688,410.6300048828125,43122900,21029900
2024-04-19,163.6649169921875,394.72125244140625,165.0,399.1199951171875,166.39999389648438,405.4800109863281,164.0800018310547,397.7699890136719,166.2100067138672,404.0299987792969,68149400,30565800
2024-04-22,164.4980926513672,396.5409240722656,165.83999633789062,400.9599914550781,167.25999450683594,402.8500061035156,164.77000427246094,395.75,165.52000427246094,400.0799865722656,48116400,20286900
2024-04-23,165.54953002929688,403.078125,166.89999389648438,407.57000732421875,167.0500030517578,408.20001220703125,164.9199981689453,403.05999755859375,165.35000610351562,404.239990234375,49537800,15734500
2024-04-24,167.6523895263672,404.5516662597656,169.02000427246094,409.05999755859375,169.3000030517578,412.4700012207031,166.2100067138672,406.7799987792969,166.5399932861328,409.55999755859375,48251800,15065300
2024-04-25,168.5153350830078,394.64208984375,169.88999938964844,399.0400085449219,170.61000061035156,399.8900146484375,168.14999389648438,388.0299987792969,169.52999877929688,394.0299987792969,50558300,40586500
2024-04-26,167.9300994873047,401.84185791015625,169.3000030517578,406.32000732421875,171.33999633789062,413.0,169.17999267578125,405.760009765625,169.8800048828125,412.1700134277344,44838400,29694700
2024-04-29,172.0961151123047,397.81671142578125,173.5,402.25,176.02999877929688,406.32000732421875,173.10000610351562,399.19000244140625,173.3699951171875,405.25,68169400,19582100
2024-04-30,168.95176696777344,385.0390930175781,170.3300018310547,389.3299865722656,174.99000549316406,402.1600036621094,170.0,389.1700134277344,173.3300018310547,401.489990234375,65934800,28781400
2024-05-01,167.9300994873047,390.5872802734375,169.3000030517578,394.94000244140625,172.7100067138672,401.7200012207031,169.11000061035156,390.30999755859375,169.5800018310547,392.6099853515625,50383100,23562500
2024-05-02,171.6299285888672,393.455322265625,173.02999877929688,397.8399963378906,173.4199981689453,399.92999267578125,170.88999938964844,394.6499938964844,172.50999450683594,397.6600036621094,94214900,17709400
2024-05-03,181.8961944580078,402.1781005859375,183.3800048828125,406.6600036621094,187.0,407.1499938964844,182.66000366210938,401.8599853515625,186.64999389648438,402.2799987792969,163224100,17446700
2024-05-06,180.2397003173828,408.9822998046875,181.7100067138672,413.5400085449219,184.1999969482422,413.92999267578125,180.4199981689453,406.3699951171875,182.35000610351562,408.760009765625,78569700,16996600
2024-05-07,180.92408752441406,404.8285827636719,182.39999389648438,409.3399963378906,184.89999389648438,414.6700134277344,181.32000732421875,409.0899963378906,183.4499969482422,414.6600036621094,77305800,20018200
2024-05-08,181.26136779785156,406.0153503417969,182.74000549316406,410.5400085449219,183.07000732421875,412.2300109863281,181.4499969482422,406.7099914550781,182.85000610351562,408.1700134277344,45057100,11792300
2024-05-09,183.07655334472656,407.7757568359375,184.57000732421875,412.32000732421875,184.66000366210938,412.7200012207031,182.11000061035156,409.1000061035156,182.55999755859375,410.57000732421875,48983000,14689700
2024-05-10,181.8151397705078,410.1690368652344,183.0500030517578,414.739990234375,185.08999633789062,415.3800048828125,182.1300048828125,411.79998779296875,184.89999389648438,412.94000244140625,50759500,13402300
2024-05-13,185.02333068847656,409.1603088378906,186.27999877929688,413.7200012207031,187.10000610351562,418.3500061035156,184.6199951171875,410.82000732421875,185.44000244140625,418.010009765625,72044800,15440200
2024-05-14,186.16555786132812,411.968994140625,187.42999267578125,416.55999755859375,188.3000030517578,417.489990234375,186.2899932861328,411.54998779296875,187.50999450683594,412.0199890136719,52393600,15109300
2024-05-15,188.4401397705078,419.1718444824219,189.72000122070312,423.0799865722656,190.64999389648438,423.80999755859375,187.3699951171875,417.2699890136719,187.91000366210938,417.8999938964844,70400000,22239500
2024-05-16,188.55931091308594,417.10113525390625,189.83999633789062,420.989990234375,191.10000610351562,425.4200134277344,189.66000366210938,420.3500061035156,190.47000122070312,421.79998779296875,52845200,17530100
2024-05-17,188.589111328125,416.3283386230469,189.8699951171875,420.2099914550781,190.80999755859375,422.9200134277344,189.17999267578125,418.0299987792969,189.50999450683594,422.5400085449219,41282900,15352200
2024-05-20,189.751220703125,421.4109802246094,191.0399932861328,425.3399963378906,191.9199981689453,426.7699890136719,189.00999450683594,419.989990234375,189.3300018310547,420.2099914550781,44361300,16272100
2024-05-21,191.0523681640625,425.0768127441406,192.35000610351562,429.0400085449219,192.72999572753906,432.9700012207031,190.9199981689453,424.8500061035156,191.08999633789062,426.8299865722656,42309400,21453300
2024-05-22,189.61216735839844,426.5431213378906,190.89999389648438,430.5199890136719,192.82000732421875,432.4100036621094,190.27000427246094,427.1300048828125,192.27000427246094,430.0899963378906,34648500,18073700
2024-05-23,185.61929321289062,423.0556335449219,186.8800048828125,427.0,191.0,433.6000061035156,186.6300048828125,425.4200134277344,190.97999572753906,432.9700012207031,51005900,17211700
2024-05-24,188.69834899902344,426.1864929199219,189.97999572753906,430.1600036621094,190.5800018310547,431.05999755859375,188.0399932861328,424.4100036621094,188.82000732421875,427.19000244140625,36327000,11855300
2024-05-28,188.7083282470703,426.344970703125,189.99000549316406,430.32000732421875,193.0,430.82000732421875,189.10000610351562,426.6000061035156,191.50999450683594,429.6300048828125,52280100,15718000
2024-05-29,189.00628662109375,425.20562744140625,190.2899932861328,429.1700134277344,192.25,430.94000244140625,189.50999450683594,425.69000244140625,189.61000061035156,425.69000244140625,53068000,15517100
2024-05-30,189.99951171875,410.8395690917969,191.2899932861328,414.6700134277344,192.17999267578125,424.29998779296875,190.6300048828125,414.239990234375,190.75999450683594,424.29998779296875,49889100,28394500
2024-05-31,190.95306396484375,411.2953186035156,192.25,415.1300048828125,192.57000732421875,416.75,189.91000366210938,404.510009765625,191.44000244140625,416.75,75158300,47995300
2024-06-03,192.72103881835938,409.7001953125,194.02999877929688,413.5199890136719,194.99000549316406,416.42999267578125,192.52000427246094,408.9200134277344,192.89999389648438,415.5299987792969,50080500,17484700
2024-06-04,193.0388946533203,412.22662353515625,194.35000610351562,416.07000732421875,195.32000732421875,416.44000244140625,193.02999877929688,409.67999267578125,194.63999938964844,412.42999267578125,47471400,14348900
2024-06-05,194.5486297607422,420.0932922363281,195.8699951171875,424.010009765625,196.89999389648438,424.0799865722656,194.8699951171875,416.29998779296875,195.39999389648438,417.80999755859375,54156800,16988000
2024-06-06,193.16799926757812,420.5985107421875,194.47999572753906,424.5199890136719,196.5,425.30999755859375,194.1699981689453,420.5799865722656,195.69000244140625,424.010009765625,41181800,14861300
2024-06-07,195.561767578125,419.93475341796875,196.88999938964844,423.8500061035156,196.94000244140625,426.2799987792969,194.13999938964844,423.0,194.64999389648438,426.20001220703125,53103900,13621700
2024-06-10,191.8171844482422,423.9176025390625,193.1199951171875,427.8699951171875,197.3000030517578,428.0799865722656,192.14999389648438,423.8900146484375,196.89999389648438,424.70001220703125,97010200,13982900
2024-06-11,205.7525177001953,428.68316650390625,207.14999389648438,432.67999267578125,207.16000366210938,432.82000732421875,193.6300048828125,425.25,193.64999389648438,425.4800109863281,172373300,14551100
2024-06-12,211.6326141357422,436.98577880859375,213.07000732421875,441.05999755859375,220.1999969482422,443.3999938964844,206.89999389648438,433.25,207.3699951171875,435.32000732421875,198134300,22366200
2024-06-13,212.79470825195312,437.5009765625,214.24000549316406,441.5799865722656,216.75,443.3900146484375,211.60000610351562,439.3699951171875,214.74000549316406,440.8500061035156,97862700,15960600
2024-06-14,211.05654907226562,438.4818115234375,212.49000549316406,442.57000732421875,215.1699981689453,443.1400146484375,211.3000030517578,436.7200012207031,213.85000610351562,438.2799987792969,70122700,13582000
2024-06-17,215.2083282470703,444.2282409667969,216.6699981689453,448.3699951171875,218.9499969482422,450.94000244140625,212.72000122070312,440.7200012207031,213.3699951171875,442.5899963378906,93728300,20790000
2024-06-18,212.8443603515625,442.2170104980469,214.2899932861328,446.3399963378906,218.6300048828125,450.1400146484375,213.0,444.8900146484375,217.58999633789062,449.7099914550781,79943300,17112500
2024-06-20,208.2654571533203,441.5829162597656,209.67999267578125,445.70001220703125,214.24000549316406,446.5299987792969,208.85000610351562,441.2699890136719,213.92999267578125,446.29998779296875,86172500,19877400
2024-06-21,206.0902557373047,445.6252136230469,207.49000549316406,449.7799987792969,211.88999938964844,450.5799865722656,207.11000061035156,446.510009765625,210.38999938964844,447.3800048828125,241805100,34187100
2024-06-24,206.7358856201172,443.53472900390625,208.13999938964844,447.6700134277344,212.6999969482422,452.75,206.58999633789062,446.4100036621094,207.72000122070312,449.79998779296875,80727000,15913700
2024-06-25,207.65960693359375,446.784423828125,209.07000732421875,450.95001220703125,211.3800048828125,451.4200134277344,208.61000061035156,446.75,209.14999389648438,448.25,55549700,16413400
2024-06-26,211.81138610839844,447.9832458496094,213.25,452.1600036621094,214.86000061035156,453.6000061035156,210.63999938964844,448.19000244140625,211.5,449.0,66213200,16507000
2024-06-27,212.65565490722656,448.6668701171875,214.10000610351562,452.8500061035156,215.74000549316406,456.1700134277344,212.35000610351562,451.7699890136719,214.69000244140625,452.17999267578125,49772700,14806300
2024-06-28,209.19912719726562,442.8214111328125,210.6199951171875,446.95001220703125,216.07000732421875,455.3800048828125,210.3000030517578,446.4100036621094,215.77000427246094,453.07000732421875,82542700,28362300
2024-07-01,215.2877960205078,452.51104736328125,216.75,456.7300109863281,217.50999450683594,457.3699951171875,211.9199981689453,445.6600036621094,212.08999633789062,448.6600036621094,60402900,17662800
2024-07-02,218.78402709960938,455.0374450683594,220.27000427246094,459.2799987792969,220.3800048828125,459.5899963378906,215.10000610351562,453.1099853515625,216.14999389648438,453.20001220703125,58046200,13979800
2024-07-03,220.05538940429688,456.513671875,221.5500030517578,460.7699890136719,221.5500030517578,461.0199890136719,219.02999877929688,457.8800048828125,220.0,458.19000244140625,37369800,9932800
2024-07-05,224.81307983398438,463.240966796875,226.33999633789062,467.55999755859375,226.4499969482422,468.3500061035156,221.64999389648438,458.9700012207031,221.64999389648438,459.6099853515625,60412400,16000300
2024-07-08,226.28309631347656,461.93316650390625,227.82000732421875,466.239990234375,227.85000610351562,467.70001220703125,223.25,464.4599914550781,227.08999633789062,466.54998779296875,59085900,12962300
2024-07-09,227.1372833251953,455.2950744628906,228.67999267578125,459.5400085449219,229.39999389648438,467.3299865722656,226.3699951171875,458.0,227.92999267578125,467.0,48076100,17207200
2024-07-10,231.40829467773438,461.943115234375,232.97999572753906,466.25,233.0800018310547,466.4599914550781,229.25,458.8599853515625,229.3000030517578,461.2200012207031,62627700,18196100
2024-07-11,226.0347900390625,450.4997863769531,227.57000732421875,454.70001220703125,232.38999938964844,464.7799987792969,225.77000427246094,451.54998779296875,231.38999938964844,462.9800109863281,64710600,23111200
2024-07-12,228.9847412109375,449.3603820800781,230.5399932861328,453.54998779296875,232.63999938964844,456.3599853515625,228.67999267578125,450.6499938964844,228.9199981689453,454.3299865722656,53046500,16324300
2024-07-15,232.81871032714844,449.7665710449219,234.39999389648438,453.9599914550781,237.22999572753906,457.260009765625,233.08999633789062,451.42999267578125,236.47999572753906,453.29998779296875,62631300,14429400
2024-07-16,233.2358856201172,445.36761474609375,234.82000732421875,449.5199890136719,236.27000427246094,454.29998779296875,232.3300018310547,446.6600036621094,235.0,454.2200012207031,43234300,17175700
2024-07-17,227.33596801757812,439.42303466796875,228.8800048828125,443.5199890136719,231.4600067138672,444.8500061035156,226.63999938964844,439.17999267578125,229.4499969482422,442.5899963378906,57345900,21778000
2024-07-18,222.66763305664062,436.3021545410156,224.17999267578125,440.3699951171875,230.44000244140625,444.6499938964844,222.27000427246094,434.3999938964844,230.27999877929688,444.3399963378906,66034600,20794800
2024-07-19,222.79678344726562,433.072265625,224.30999755859375,437.1099853515625,226.8000030517578,441.1400146484375,223.27999877929688,432.0,224.82000732421875,433.1000061035156,49151500,20940400
2024-07-22,222.44915771484375,438.8484191894531,223.9600067138672,442.94000244140625,227.77999877929688,444.6000061035156,223.08999633789062,438.9100036621094,227.00999450683594,441.7900085449219,48201800,15808800
2024-07-23,223.4920654296875,440.74078369140625,225.00999450683594,444.8500061035156,226.94000244140625,448.3900146484375,222.67999267578125,443.1000061035156,224.3699951171875,443.8999938964844,39960300,13107100
2024-07-24,217.06568908691406,424.9381408691406,218.5399932861328,428.8999938964844,224.8000030517578,441.4800109863281,217.1300048828125,427.5899963378906,224.0,440.45001220703125,61777600,26805800
2024-07-25,216.02281188964844,414.5350646972656,217.49000549316406,418.3999938964844,220.85000610351562,429.79998779296875,214.6199951171875,417.510009765625,218.92999267578125,428.79998779296875,51391200,29943800
2024-07-26,216.4896240234375,421.3415832519531,217.9600067138672,425.2699890136719,219.49000549316406,428.9200134277344,216.00999450683594,417.2699890136719,218.6999969482422,418.20001220703125,41601300,23583800
2024-07-29,216.7677459716797,422.78814697265625,218.24000549316406,426.7300109863281,219.3000030517578,432.1499938964844,215.75,424.70001220703125,216.9600067138672,431.5799865722656,36311800,15125800
2024-07-30,217.323974609375,419.01336669921875,218.8000030517578,422.9200134277344,220.3300018310547,429.04998779296875,216.1199951171875,417.3599853515625,219.19000244140625,427.7200012207031,41643800,32687600
2024-07-31,220.58181762695312,414.4855651855469,222.0800018310547,418.3500061035156,223.82000732421875,421.7799987792969,220.6300048828125,412.2099914550781,221.44000244140625,420.5,50036300,42891400
2024-08-01,216.8869171142578,413.2569885253906,218.36000061035156,417.1099853515625,224.47999572753906,427.4599914550781,217.02000427246094,413.0899963378906,224.3699951171875,420.7900085449219,62501000,30296400
2024-08-02,218.37680053710938,404.7166442871094,219.86000061035156,408.489990234375,225.60000610351562,415.0,217.7100067138672,404.3399963378906,219.14999389648438,412.489990234375,105568600,29437900
2024-08-05,207.85824584960938,391.4998474121094,209.27000427246094,395.1499938964844,213.5,401.0400085449219,196.0,385.5799865722656,199.08999633789062,389.1700134277344,119548600,40709200
2024-08-06,205.8319854736328,395.9186706542969,207.22999572753906,399.6099853515625,209.99000549316406,405.6700134277344,201.07000732421875,398.5,205.3000030517578,400.0,69660500,24946500
2024-08-07,208.404541015625,394.7495422363281,209.82000732421875,398.42999267578125,213.63999938964844,410.0799865722656,206.38999938964844,397.4700012207031,206.89999389648438,408.6400146484375,63516400,20650900
2024-08-08,211.87100219726562,398.97021484375,213.30999755859375,402.69000244140625,214.1999969482422,405.8599853515625,208.8300018310547,399.94000244140625,213.11000061035156,402.44000244140625,47161100,20203000
2024-08-09,214.78123474121094,402.2694396972656,216.24000549316406,406.0199890136719,216.77999877929688,408.04998779296875,211.97000122070312,402.260009765625,212.10000610351562,404.0299987792969,42201600,19276700
2024-08-12,216.3126220703125,403.0521545410156,217.52999877929688,406.80999755859375,219.50999450683594,408.760009765625,215.60000610351562,404.239990234375,216.07000732421875,407.05999755859375,38028100,16762900
2024-08-13,220.03167724609375,410.1856384277344,221.27000427246094,414.010009765625,221.88999938964844,414.95001220703125,219.00999450683594,409.57000732421875,219.00999450683594,409.5899963378906,44155300,19414300
2024-08-14,220.4791717529297,413.00933837890625,221.72000122070312,416.8599853515625,223.02999877929688,417.7200012207031,219.6999969482422,412.45001220703125,220.57000732421875,414.79998779296875,41960600,18267000
2024-08-15,223.4623565673828,417.8926696777344,224.72000122070312,421.0299987792969,225.35000610351562,421.1099853515625,222.75999450683594,417.6600036621094,224.60000610351562,419.79998779296875,46414000,20752100
2024-08-16,224.78494262695312,415.35174560546875,226.0500030517578,418.4700012207031,226.8300018310547,421.3399963378906,223.64999389648438,417.29998779296875,223.9199981689453,420.6000061035156,44340200,22775600
2024-08-19,224.62582397460938,418.3889465332031,225.88999938964844,421.5299987792969,225.99000549316406,421.75,223.0399932861328,416.4599914550781,225.72000122070312,418.9599914550781,40687800,15234000
2024-08-20,225.2423553466797,421.6345520019531,226.50999450683594,424.79998779296875,227.1699981689453,425.8599853515625,225.4499969482422,421.6400146484375,225.77000427246094,421.70001220703125,30299000,16387600
2024-08-21,225.13296508789062,420.9794921875,226.39999389648438,424.1400146484375,227.97999572753906,426.3999938964844,225.0500030517578,421.7200012207031,226.52000427246094,424.0799865722656,34765500,16067300
2024-08-22,223.2734375,412.4535217285156,224.52999877929688,415.54998779296875,228.33999633789062,426.7900085449219,223.89999389648438,414.6099853515625,227.7899932861328,424.3599853515625,43695300,19361900
2024-08-23,225.5705108642578,413.6842346191406,226.83999633789062,416.7900085449219,228.22000122070312,419.260009765625,224.3300018310547,412.0899963378906,225.66000366210938,416.9800109863281,38677300,18493800
2024-08-26,225.90858459472656,410.4088134765625,227.17999267578125,413.489990234375,227.27999877929688,417.2799987792969,223.88999938964844,411.3399963378906,226.75999450683594,416.3699951171875,30602200,13152800
2024-08-27,226.75384521484375,410.7561950683594,228.02999877929688,413.8399963378906,228.85000610351562,414.3599853515625,224.88999938964844,410.25,226.0,412.8599853515625,35934600,13492900
2024-08-28,225.22247314453125,407.5404052734375,226.49000549316406,410.6000061035156,229.86000061035156,415.0,225.67999267578125,407.30999755859375,227.9199981689453,414.8800048828125,38052200,14882700
2024-08-29,228.50399780273438,410.0415954589844,229.7899932861328,413.1199951171875,232.9199981689453,422.04998779296875,228.8800048828125,410.6000061035156,230.10000610351562,414.94000244140625,51906300,17045200
2024-08-30,227.71841430664062,414.0316467285156,229.0,417.1400146484375,230.39999389648438,417.489990234375,227.47999572753906,412.1300048828125,230.19000244140625,415.6000061035156,52990800,24308300
2024-09-03,221.52328491210938,406.3890380859375,222.77000427246094,409.44000244140625,229.0,419.8800048828125,221.1699981689453,407.0299987792969,228.5500030517578,417.9100036621094,50190600,20313600
2024-09-04,219.61402893066406,405.8530578613281,220.85000610351562,408.8999938964844,221.77999877929688,411.239990234375,217.47999572753906,404.3699951171875,221.66000366210938,405.9100036621094,43840200,15135800
2024-09-05,221.13546752929688,405.34686279296875,222.3800048828125,408.3900146484375,225.47999572753906,413.1000061035156,221.52000427246094,406.1300048828125,221.6300048828125,407.6199951171875,36615400,14195500
2024-09-06,219.58419799804688,398.7066955566406,220.82000732421875,401.70001220703125,225.24000549316406,410.6499938964844,219.77000427246094,400.79998779296875,223.9499969482422,409.05999755859375,48423000,19609500
2024-09-09,219.6737060546875,402.6967468261719,220.91000366210938,405.7200012207031,221.27000427246094,408.6499938964844,216.7100067138672,402.1499938964844,220.82000732421875,407.239990234375,67180000,15295100
2024-09-10,218.87814331054688,411.11358642578125,220.11000061035156,414.20001220703125,221.47999572753906,416.3299865722656,216.72999572753906,407.70001220703125,218.9199981689453,408.20001220703125,51591000,19594300
2024-09-11,221.41390991210938,419.8876953125,222.66000366210938,423.0400085449219,223.08999633789062,423.989990234375,217.88999938964844,409.5799865722656,221.4600067138672,415.5,44587100,19266900
2024-09-12,221.52328491210938,423.8181457519531,222.77000427246094,427.0,223.5500030517578,427.3699951171875,219.82000732421875,419.75,222.5,423.30999755859375,37455600,17395700
2024-09-13,221.25479125976562,427.38140869140625,222.5,430.5899963378906,224.0399932861328,431.8299865722656,221.91000366210938,425.4599914550781,223.5800018310547,425.8299865722656,36766600,15874600
2024-09-16,215.10939025878906,428.1258239746094,216.32000732421875,431.3399963378906,217.22000122070312,433.5299987792969,213.9199981689453,428.2200012207031,216.5399932861328,430.6000061035156,59357400,13834700
2024-09-17,215.5767364501953,431.907470703125,216.7899932861328,435.1499938964844,216.89999389648438,441.8500061035156,214.5,432.2699890136719,215.75,440.2300109863281,45519300,18874200
2024-09-18,219.45492553710938,427.5998229980469,220.69000244140625,430.80999755859375,222.7100067138672,436.0299987792969,217.5399932861328,430.4100036621094,217.5500030517578,435.0,59894900,18898000
2024-09-19,227.58914184570312,435.42108154296875,228.8699951171875,438.69000244140625,229.82000732421875,441.5,224.6300048828125,436.8999938964844,224.99000549316406,441.2300109863281,66781300,21706600
2024-09-20,226.9228973388672,432.02655029296875,228.1999969482422,435.2699890136719,233.08999633789062,439.239990234375,227.6199951171875,434.2200012207031,229.97000122070312,437.2200012207031,318679900,55167100
2024-09-23,225.2025604248047,430.2796936035156,226.47000122070312,433.510009765625,229.4499969482422,436.4599914550781,225.80999755859375,430.3900146484375,227.33999633789062,434.2799987792969,54146000,15128900
2024-09-24,226.09754943847656,425.9720458984375,227.3699951171875,429.1700134277344,229.35000610351562,433.3500061035156,225.72999572753906,426.1000061035156,228.64999389648438,433.0,43556100,17015800
2024-09-25,225.10311889648438,428.8901062011719,226.3699951171875,432.1099853515625,227.2899932861328,433.1199951171875,224.02000427246094,428.57000732421875,224.92999267578125,429.8299865722656,42308700,13396400
2024-09-26,226.2467041015625,428.0960693359375,227.52000427246094,431.30999755859375,228.5,435.29998779296875,225.41000366210938,429.1300048828125,227.3000030517578,435.0899963378906,36636700,14492000
2024-09-27,226.51516723632812,424.8305358886719,227.7899932861328,428.0199890136719,229.52000427246094,431.8500061035156,227.3000030517578,427.4700012207031,228.4600067138672,431.5199890136719,34026000,14896100
2024-09-30,231.69602966308594,427.09356689453125,233.0,430.29998779296875,233.0,430.4200134277344,229.64999389648438,425.3699951171875,230.0399932861328,428.2099914550781,54541900,16807300
2024-10-01,224.9440460205078,417.5552062988281,226.2100067138672,420.69000244140625,229.64999389648438,428.4800109863281,223.74000549316406,418.80999755859375,229.52000427246094,428.45001220703125,63285000,19092900
2024-10-02,225.5108184814453,414.021728515625,226.77999877929688,417.1300048828125,227.3699951171875,422.82000732421875,223.02000427246094,416.7099914550781,225.88999938964844,422.5799865722656,32880600,16582300
2024-10-03,224.4070587158203,413.4361572265625,225.6699981689453,416.5400085449219,226.80999755859375,419.54998779296875,223.32000732421875,414.2900085449219,225.13999938964844,417.6300048828125,34044200,13686400
2024-10-04,225.53074645996094,412.9596862792969,226.8000030517578,416.05999755859375,228.0,419.75,224.1300048828125,414.9700012207031,227.89999389648438,418.239990234375,37245100,19169700
2024-10-07,220.44932556152344,406.48828125,221.69000244140625,409.5400085449219,225.69000244140625,417.1099853515625,221.3300018310547,409.0,224.5,416.0,39505400,20919800
2024-10-08,224.50650024414062,411.6197509765625,225.77000427246094,414.7099914550781,225.97999572753906,415.6600036621094,223.25,408.1700134277344,224.3000030517578,410.8999938964844,31855700,19229300
2024-10-09,228.2554168701172,414.3492431640625,229.5399932861328,417.4599914550781,229.75,420.3800048828125,224.8300018310547,414.29998779296875,225.22999572753906,415.8599853515625,33591100,14974300
2024-10-10,227.7581787109375,412.7413635253906,229.0399932861328,415.8399963378906,229.5,417.3500061035156,227.1699981689453,413.1499938964844,227.77999877929688,415.2300109863281,28183500,13848400
2024-10-11,226.27655029296875,413.2177429199219,227.5500030517578,416.32000732421875,229.41000366210938,417.1300048828125,227.33999633789062,413.25,229.3000030517578,416.1400146484375,31759200,14144900
2024-10-14,230.00555419921875,416.01678466796875,231.3000030517578,419.1400146484375,231.72999572753906,424.0400085449219,228.60000610351562,417.5199890136719,228.6999969482422,417.7699890136719,39882100,16653100
2024-10-15,232.54127502441406,415.6197204589844,233.85000610351562,418.739990234375,237.49000549316406,422.4800109863281,232.3699951171875,415.260009765625,233.61000061035156,422.17999267578125,64751400,18900200
2024-10-16,230.48284912109375,413.01922607421875,231.77999877929688,416.1199951171875,232.1199951171875,416.3599853515625,229.83999633789062,410.4800109863281,231.60000610351562,415.1700134277344,34082200,15508900
2024-10-17,230.85079956054688,413.6147766113281,232.14999389648438,416.7200012207031,233.85000610351562,422.5,230.52000427246094,415.5899963378906,233.42999267578125,422.3599853515625,32993800,14820000
2024-10-18,233.68482971191406,415.0440673828125,235.0,418.1600036621094,236.17999267578125,419.6499938964844,234.00999450683594,416.260009765625,236.17999267578125,417.1400146484375,46431500,17145300
2024-10-21,235.1565399169922,415.6593933105469,236.47999572753906,418.7799987792969,236.85000610351562,418.9599914550781,234.4499969482422,413.75,234.4499969482422,416.1199951171875,36254500,14206100
2024-10-22,234.54002380371094,424.32440185546875,235.86000061035156,427.510009765625,236.22000122070312,430.5799865722656,232.60000610351562,418.0400085449219,233.88999938964844,418.489990234375,38846600,25482200
2024-10-23,229.46856689453125,421.4360656738281,230.75999450683594,424.6000061035156,235.13999938964844,431.0799865722656,227.75999450683594,422.5299987792969,234.0800018310547,430.8599853515625,52287000,19654400
2024-10-24,229.27964782714844,421.56512451171875,230.57000732421875,424.7300109863281,230.82000732421875,425.9800109863281,228.41000366210938,422.3999938964844,229.97999572753906,425.3299865722656,31109500,13581600
2024-10-25,230.1149444580078,424.9595947265625,231.41000366210938,428.1499938964844,233.22000122070312,432.5199890136719,229.57000732421875,426.57000732421875,229.74000549316406,426.760009765625,38802300,16899100
2024-10-28,232.0937957763672,423.4112243652344,233.39999389648438,426.5899963378906,234.72999572753906,431.94000244140625,232.5500030517578,426.29998779296875,233.32000732421875,431.6600036621094,36087100,14882400
2024-10-29,232.36228942871094,428.7312927246094,233.6699981689453,431.95001220703125,234.3300018310547,433.1700134277344,232.32000732421875,425.79998779296875,233.10000610351562,428.0,35417200,17644100
